Name,query,POC,Physically Visited? Y/N,status,Last PoC Date,Touchpoint #,Next Visit Date,"Type(A,B,C)",Lead,Type,"Phone (store, cell)",Name of who you talked to,Their position...14,Their email,Decision Maker Name,Their position...17,Decision Maker Email,# of locations,Notes,...21,...22,...23,...24
Denver Milk Market,"1800 Wazee St 100 Denver, CO 80202",Eddy,Y,partner,NA,NA,NA,NA,0,grab n go,NA,NA,NA,NA,NA,NA,steven.kean@sagehospitalitygroup.com,5,single owner for all the shops in the market - they experience surplus food being wasted especially with the packaged fruit/salad containers  / Steven is  interested and he manages the locations but owner would have to approve & accounting team would need to approve,NA,NA,NA,NA
My Vision Nutrition,"727 S University Blvd Denver, CO 80209",Jack,Y,partner,18-Oct,2,NA,A,partner,grab n go,720-546-3116,Mia,cashier,alejandro@mvnmealprep.com,Alejandro,CFO & COO,alejandro@mvnmealprep.com,2,Spoke w employee. They discount meals that don't sell then throw out the rest,NA,NA,NA,NA
Tony Ps,"3000 Zuni St Denver, CO 80211",Eddy,Y,partner,18-Oct,2,NA,B,partner,Pizza,720-314-1735,Tony,NA,NA,Tony P,Owner,tony@tonypspizza.com,1,"Ciabatta bread, muffins, occassional slice - already partnered / needs a device to access platform on bc current tablets aren't supported",NA,NA,NA,NA
Detox Juice,"3310 Brighton Blvd Denver, CO 80216",Eddy,Y,partner,18-Oct,1,NA,B,partner,grab n go,720-909-9017 (C),Karen Parra,Owner,NA,NA,NA,info@thedetoxjuice.com,1,"$25 big bag, $6 small bag",NA,NA,NA,NA
Qargo Coffee,"2005 17th St Denver, CO 80202",Luke,Y,partner,20-Oct,2,NA,A,partner,cafe,NA,Brighton and Rena,NA,NA,Rena,Manager,NA,1,Talked to Brighton - passing info along. Didn't have contact info for manager. (find email online for recap) / phone call with rena - setting them up monday!!!,NA,NA,NA,NA
Ritual Social House,"1209 E 13th Ave Denver, CO 80218",Eddy,Y,partner,19-Oct,1,NA,A,partner,fast casual MTO,NA,NA,NA,NA,Brian,NA,briand@ritualdenver.com,1,"""conductor of chaos"" - this guy gets it",NA,NA,NA,NA
Post Oak,"4000 Tennyson St Denver, CO 80212",Eddy,Y,partner,24-Oct,3,NA,A,partner,fast casual RM,NA,Zack,Manager,zack@postoakdenver.com,Nick Prince,Owner,NA,1,They prep their ribs and pulled pork and other meat items that they have in surplus / could box and fridge excess and list on goodie bag /,NA,NA,NA,NA
Sonnys,"2622 W 32nd Ave, Denver",Jack,Y,partner,24-Oct,2,NA,A,partner,fast casual MTO,NA,NA,NA,david@sonnysmed.com,NA,NA,NA,1,great guys/love goodiebag/have chicken that expires when they close on sunday and open on monday/new shop/also next to bakery that could use us,NA,NA,NA,NA
Altimeter Cafe,"4499 W 38th Ave Denver, CO 80212",Eddy,Y,email,24-Oct,2,NA,A,2,cafe,(720) 688-0044,Tori & Franny,employees,NA,Lee Ann,GM,leeann@flyteco.beer,1,"they have surplus bagels that are thrown out & day old muffins they sell for $1 but still end up throwing out / mon,tues,thurs,fri / spoke to jess and confirmed muffin surplus",NA,NA,NA,NA
the Urban Cookie,"2260 E Colfax Ave Denver, CO 80206",Eddy,Y,email,23-Oct,2,NA,A,1,Bakery,720-532-8100,Denon Moore,Founder,denon@theurbancookie.com,NA,NA,NA,1,Denon has a mystery bag of 3 day old cookies that they sell in store for $6 / she was interested in us but says they sell thru their in-store day olds / also runs the savageau cafe next store,NA,NA,NA,NA
Delectable egg,"1642 Market St Denver, CO 80202",Eddy,Y,email,26-Oct,2,NA,A,1,fast casual RM,NA,NA,NA,NA,Amy,NA,NA,NA,"Amy is GM and soon to be sole proprietor, loves the idea for the community element and something that heremployees can rally behind / going to expand throughout coloraod",NA,NA,NA,NA
Just BE Kitchen,"2364 15th St, Denver, CO 80202",Eddy,Y,email,26-Oct,2,NA,B,1,Fast casual,(303) 284-6652,Jude,Fixer,jude@justbekitchen.com,Jen,Owner,NA,NA,Jude was hired to fix up the shop and loved the idea and how we work/Following up w email/expanding to boulder,NA,NA,NA,NA
Mob Coffee,"3937 Tennyson St Denver, CO 80212",Eddy,Y,email,24-Oct,2,NA,A,1,cafe,NA,James,employees,NA,Andre & Neva,Founders,mobcoffeedenver@gmail.com,1,"surplus donuts & burritos, no current solution / young couple owners",NA,NA,NA,NA
Hearth,"2500 Lawrence St Denver, CO 80205",Eddy,Y,email,19-Oct,2,NA,A,1,Bakery,NA,Matt,Founder,matt@hearthdenver.com,NA,NA,NA,1,"Matt is Jack's college friend / he is down but has to run it by the baristas / wants me to go to a staff meeting and show the platform / sells to retail locations and has a ""no day old"" clause that prevents them from selling his products the next day /",NA,NA,NA,NA
Brooklyns Finest Pizza,"825 16th St Mall Denver, CO 80202",NA,Y,email,26-Oct,3,NA,A,1,Pizza,(303) 573-3779,Kayla,Manager,NA,CArlo,Owner,brooklynsfinestpizza303@gmail.com (bounced),NA,"Donate? ----- ""We do not... unfortunately"" (revisit in person) Carlo = owner",NA,NA,NA,NA
Parlor Doughnuts,"95 Lincoln St Denver, CO 80203",Eddy,Y,call,24-Oct,3,NA,A,1,donut shop,3038628904,Dan,Employee,NA,Sean,Owner,CO0028@parlordoughnuts.com,1,spoke to sean and john on the phone at length and sounds like they're interested! Running it by their franchise owner and will get back to us,NA,NA,NA,NA
Park Burger RiNo,"2615 Walnut St Denver, CO 80205",Jack,Y,email,19-Oct,2,NA,B,2,fast casual MTO,n/a,marisa,assistant general manager,mfoley@gastamogroup.com,idk,n/a,n/a,1,Have orders that aren't picked up from 3rd party delivery apps,NA,NA,NA,NA
Pandemic Donuts,"2962 Welton St Denver, CO 80205",Eddy,Y,email,23-Oct,3,NA,A,1,donut shop,NA,NA,NA,NA,Michael,owner,michael@pandemicdonuts.com,NA,Michael & wife started pandemic donuts,NA,NA,NA,NA
Ti Cafe,"30 N Broadway Denver, CO 80203",Luke,Y,Email,17-Oct,2,NA,A,1,cafe,NA,Shominic,Employee,NA,NA,Ownder,ti.cafeofficial@gmail.com,NA,"Loves Idea. Owner not there. Sent email, waiting on response.",NA,NA,NA,NA
Bakery Four,"3350 Brighton Blvd Denver, CO 80216",Eddy,Y,instagram,19-Oct,2,NA,A,1,Bakery,NA,Shawn,Founder,Shawn@bakeryfour.com,NA,NA,NA,1,Shawn is a great guy who knew about TGTG but didn't join bc their marketing was weak / has 30-40 items in surplus everyday / said to DM on instagram / opening another location,NA,NA,NA,NA
Baked N' Denver,"1301 S Broadway Denver, CO 80210",Luke,Y,In Person,18-Oct,2,October 23rd,A,1,Bakery,303.777.9361,Hakim,NA,NA,Hakim or Juan?,NA,donutsdenver@gmail.com,1,"Hakim or Juan (owner) is ready to set up on monday! (11 am) / Wasn't there on monday / Called tuesday: they knew who it was, told me he'll be calling me.",NA,NA,NA,NA
Novo Coffee,"1600 Glenarm Pl Denver, CO 80202",Eddy,Y,email,23-Oct,3,NA,A,1,cafe,NA,Chris,Gilpin manager,gilpin@novocoffee.com,Heather,retail manager,retail@novocoffee.com,4,"4 locations, looking for a solution :) / #4 when calling gilpin",NA,NA,NA,NA
under the umbrella,"3507 E 12th Ave Denver, CO 80206",Eddy,Y,call,25-Oct,3,NA,A,1,bakery,NA,Bekah,manager,NA,Jill,owner,utucafe@gmail.com,1,"talekd to becka, seems interested / jill asked for email",NA,NA,NA,NA
Thump Coffee,"1201 E 13th Ave Denver, CO 80218",Eddy,Y,email,24-Oct,2,NA,A,1,cafe,NA,Paige,employee,NA,Andy,NA,andy@thumpcoffee.com,NA,they have surplus and don't have a solution - the employee was all about it,NA,NA,NA,NA
Vital Root,"3915 Tennyson St Denver, CO 80212",Eddy,Y,email,24-Oct,2,NA,A,1,grab n' go,603-454-4757 (S),Sarah,Assistant GM,vitalroot.sarah@ediblebeats.com / vitalroot.kyle@ediblebeats.com,Aidan,Operations,aidan@ediblebeats.com,3,"Sarah said they have a use case and would be interested, CC Kyle the executive chef and Aidan who would spearhead this partnership / they are under a company called edible beats / talked to madison the employee as well",NA,NA,NA,NA
Voodoo Doughnut (Colfax),"1520 E Colfax Ave Denver, CO 80218",Eddy,Y,email,23-Oct,3,NA,A,1,Donut shop,720-397-9847,Nate,GM,nate@voodoodoughnut.com,NA,NA,NA,NA,interested - they try to sell day olds in a bag already,NA,NA,NA,NA
Le Bakery,"302 E 6th Ave Denver, CO 80203",Luke,Y,Email,18-Oct,2,NA,A,1,Bakery,3037775151,John,Owner or manager,NA,Also john,NA,lebakerysensual@gmail.com,NA,talked to John (owner) loves idea. Wants an email with more information / waiting on response,NA,NA,NA,NA
Gateaux pastries,"1164 N Speer Blvd Denver, CO 80204",Luke,Y,Email,19-Oct,2,NA,A,1,Bakery,NA,Michelle,Owner,NA,NA,NA,info@gateauxpastries.com,1,Michelle (owner) said it might be =better at the new location. Wants email with more info. They do theoir own version of goodie bags in store.,NA,NA,NA,NA
Tumble Haus,"1330 W 38th St Denver, CO 80211",Jack,Y,email,24-Oct,2,NA,A,1,Cafe,(720) 379-3470,Yon,Owner,yon@tumblehaus.com,Yon,Owner,yon@tumblehaus.com,1,Spoke w yonStoked on goodiebag and he could use it/revamping website & menu/will get set up before our launch/told him we can get him setup in 15mins and he doesn't need his menu set beforehand,NA,NA,NA,NA
DP Dough,"1228 E Colfax Ave Denver, CO 80218",Eddy,Y,email,24-Oct,2,NA,B,1,Fast casual MTO,NA,Colin,employee,NA,Chris Albert,GM,dpdoughdenver@gmail.com,NA,"email Chris ""Attention: Chris Albert""",NA,NA,NA,NA
Detour Bakery,"1479 S Holly St Denver, CO 80222",NA,Y,NA,NA,NA,NA,NA,NA,Bakery,(303) 756-2020,NA,NA,NA,NA,NA,daniel@detourbakery.com,NA,"""Some days we do donate them... to our employees, and other local bsuienss employees""",NA,NA,NA,NA
Izzio Bakery Central Market,"2669 Larimer St Denver, CO 80205",Eddy,Y,email,23-Oct,2,NA,A,2,Bakery,(720)-231-1986 (S?),Lindsey,Denver Central Market Manager,lkuchcinski@izziobakery.com,NA,NA,NA,2+,"They don't sell day olds bc of brand risk, ""something we don't do"" - would have to convince the founder / also talked to Edmundo the employee",NA,NA,NA,NA
La Fillette Bakery,"6217 E 14th Ave Denver, CO 80220",NA,Y,NA,NA,NA,NA,NA,NA,Bakery,303.355.0022,NA,NA,NA,NA,NA,NA,NA,"""If we do have excess at the end of the day we try to pass them around to staff""",NA,NA,NA,NA
Lo Dough Bakery,"1854 Wazee St Denver, CO 80202",NA,N,NA,NA,NA,NA,NA,NA,Bakery,NA,NA,NA,NA,NA,NA,orders@lodoughbakery.com,NA,TGTG Partner,NA,NA,NA,NA
Tokyo Premium Bakery,"1540 S Pearl St Denver, CO 80210",Luke,Y,In person,18-Oct,2,NA,A,2,Bakery,720-531-3784,Kate,Employee,NA,Unkowkn,Owners,NA,1,"""No we do not donate unfortunately"" - Talked to Kate - passig info along (owners are traditional japanese, concerned with freshness of products",NA,NA,NA,NA
Reunion Bakery,"3350 Brighton Blvd Denver, CO 80216",Eddy,Y,email,19-Oct,2,NA,A,2,Bakery,(720)6209336,Alex,manager,NA,Ishmael,Owners,reunionbreadwholesale@gmail.com,1,Have surplus and no solution / Alex said they do a good job of limiting waste thru selling to their retail locations,NA,NA,NA,NA
Ban Hand Butter,"9935 E Colfax Ave Aurora, CO 80110",NA,N,NA,NA,NA,NA,NA,NA,Bakery,(720) 513-9313,NA,NA,NA,NA,NA,NA,NA,NA,NA,NA,NA,NA
Lamar's Donuts,"990 W 6th Ave Denver, CO 80204",NA,N,NA,NA,NA,NA,NA,NA,Bakery,NA,NA,NA,NA,NA,NA,NA,NA,"stephanie, employees take it home - they make extra if they know it's gonna be donated / no consistent donation partner",NA,NA,NA,NA
Mermaid's Bakery,"1543 Champa St Denver, CO 80202",NA,N,NA,NA,NA,NA,NA,NA,Bakery,(303) 534-0956,NA,NA,NA,NA,NA,NA,NA,"diana = boss, jack = employee / caked MTO, cupcakes surplus on slow days (/tuesday)",NA,NA,NA,NA
Wooden Spoon,"2418 W 32nd Ave Denver, CO 80211",Eddy,Y,in-person,19-Oct,1,NA,A,2,Bakery,303-999-0327,James,manager,NA,NA,NA,NA,1,James said he eats their surplus and brings it to the other places he works at / said he would look thru the website and reach out if they were interested / maybe something they'd do in the new year,NA,NA,NA,NA
Petunia Bakeshop,"3004 W 23rd Ave Denver, CO 80211",NA,Y,NA,NA,NA,NA,A,3,Bakery,(720) 536-5007,NA,NA,NA,NA,NA,petuniabakeshop@outlook.com,NA,donates to local church,NA,NA,NA,NA
Omonoia Bakery (No Website),"2813 E Colfax Ave Denver, CO 80206",Eddy,Y,In Person,18-Oct,1,NA,A,2,Bakery,(303) 394-9333,Diamond,Mananger,720-394-0161,Paulina,Owner,NA,1,donates sunday night bc closed . businsess is slow / Talked to diamond the manager and have her number,"Talked to sesme? Owner is Paulina, will be in On wednesday/ call back certian days",NA,NA,NA
Miss Mollys Bakery,"2600 E Colfax Ave Denver, CO 80206",Eddy,Y,email,23-Oct,4,NA,A,2,Bakery,303-268-1222 (C)?,Georgio,Assistant,NA,Shane,GM/owner?,shane@missmollysbakery.com,1,something we have been looking into / shane saw my email and said to coordinate a meeting thru there / Georgio said they have surplus,NA,NA,NA,NA
my favorite muffin (16th mall),"1750 16th Street Mall Denver, CO 80202",Eddy,Y,call,19-Oct,2,NA,A,2,Bakery,(303) 623-0060,Kim,employee,NA,Paul,Owner,NA,1,"talked to kim - paul = owner, franchise model",NA,NA,NA,NA
City Bakery,"5454 Washington St Denver, CO 80216",NA,N,NA,NA,NA,NA,NA,NA,Bakery,1 303 292 3989,NA,NA,NA,NA,NA,NA,NA,NA,NA,NA,NA,NA
Devils food bakery,"1020 S Gaylord St Denver, CO 80209",Luke,Y,In person,19-Oct,2,NA,A,2,Bakery,303.777.9555,"Don't remember physical visit,",but jacob for phone call,NA,NA,NA,NA,NA,"Jacob - Manager ""I think we donate to a foodbank? I don't know I'm not here that late.""",NA,NA,NA,NA
Olive and Finch,"1552 E 17th Ave Denver, CO 80218",Eddy,Y,call,23-Oct,3,NA,A,2,cafe,303.832.8663,Jonda,General Manager,NA,Mary Nyugen,Owner,NA,2+,Danny said they do have surplus and they don't donate (giving information to her manager) / left my name and # several times via phone / #4,Talked to Joda (GM) while viisting in person.,NA,NA,NA
House and Bread,"2020 S Parker Rd Denver, CO 80231",NA,N,NA,NA,NA,NA,NA,NA,Bakery,(720) 727-0000,NA,NA,NA,NA,NA,info@houseofbreadinc.com,NA,"Actively looking for places to donate! Patrina (or catrina?) said to email them! / very east near Aurora, not ideal for launch",NA,NA,NA,NA
Taste of Denmark,"1901 S Kipling St Lakewood, CO 80227",NA,N,NA,NA,NA,NA,NA,NA,Bakery,(303) 987-8283,NA,NA,NA,NA,NA,NA,NA,NA,NA,NA,NA,NA
Rebel Bread,"675 S Broadway Denver, CO 80209",NA,N,NA,NA,NA,NA,NA,NA,Bakery,NA,NA,NA,NA,NA,NA,NA,NA,NA,NA,NA,NA,NA
Owlette Bakery,"1530 16th St. Denver, CO 80202",NA,N,NA,NA,NA,NA,NA,NA,Bakery,NA,NA,NA,NA,NA,NA,NA,NA,"donates everyday, has about a tray a week",NA,NA,NA,NA
kolache house bakery,"8840 W Colfax Ave Lakewood, CO 80215",NA,N,NA,NA,NA,NA,NA,NA,NA,NA,NA,NA,NA,NA,NA,NA,NA,NA,NA,NA,NA,NA
Whittier Cafe,"1710 E 25th Ave Denver, CO 80205",NA,N,NA,NA,NA,NA,NA,NA,cafe,(720) 550-7440,NA,NA,NA,NA,NA,NA,NA,No danotions. Wasted bread for our paninis. Millece (owner) Talked to employee (shea),NA,NA,NA,NA
Roostercat Coffee House,"1045 Lincoln St Denver, CO 80203",Luke,Y,Email,17-Oct,2,NA,A,2,cafe,(720) 388-0356,Logan,Food manager,NA,JJ,Owner,roostercat@gmail.com,1,x,NA,NA,NA,NA
The Bardo,"238 S Broadway Denver, CO 80209",NA,N,NA,NA,NA,NA,NA,NA,cafe,(303) 629-8331,NA,NA,NA,NA,NA,NA,NA,NA,NA,NA,NA,NA
Blue Sparrow Coffe,"3070 Blake St Denver, CO 80205",Luke,Y,In Person,17-Oct,2,NA,A,2,cafe,(720) 615-1516,?,NA,NA,NA,NA,manager@bluesparrowcoffee.com,NA,Visited Platte st location and employee gave Daniels phone number (7204480211) Waiting on email back from management,NA,NA,NA,NA
Copper Door Coffe Roaster,"1085 York St Denver, CO 80206",NA,N,NA,NA,NA,NA,NA,NA,cafe,NA,NA,NA,NA,NA,NA,NA,NA,NA,NA,NA,NA,NA
Corvus (south broadway),"1740 S Broadway Denver, CO 80210",Eddy,Y,email,23-Oct,2,NA,A,2,cafe,(303) 715-1740,Jenna,employee,NA,Phil,Owner,info@corvuscoffee.com,4,"Has surplus, doesn't donate",NA,NA,NA,NA
Dandy Lion Coffe,"5231 E 38th Denver, CO 80207",NA,N,NA,NA,NA,NA,NA,NA,cafe,NA,NA,NA,NA,NA,NA,dandylioncoffee@gmail.com,NA,NA,NA,NA,NA,NA
Huckleberry Roasters,"4301 Pecos St Denver, CO 80211",NA,N,NA,NA,NA,NA,NA,NA,cafe,(866) 558-2201,NA,NA,NA,NA,NA,info@huckleberryroasters.com,NA,NA,NA,NA,NA,NA
Jubilee Roasting Co.,"1075 Park Ave W Denver, CO 80205",NA,N,NA,NA,NA,NA,NA,NA,cafe,NA,NA,NA,NA,NA,NA,NA,NA,NA,NA,NA,NA,NA
Lekker,"3460 Larimer St Denver, CO 80205",Eddy,Y,in-person,18-Oct,1,NA,B,2,cafe,(720) 833-1423,Tara,employee,NA,Kara,Owner,lekkercoffeerino@gmail.com,1,They has some premade pastries and burritos but said very little to no surplus,NA,NA,NA,NA
Pablo's Coffee,"1300 Pennsylvania St Denver, CO 80203",Luke,Y,in person,18-Oct,1,NA,A,2,cafe,303) 744-3323,Forget for physical visit,NA,NA,NA,NA,Shop@pabloscoffee.com,NA,We don't really gice out food on weekends. We don't work with anyone (email mark - talked with aaron)Email shop,NA,NA,NA,NA
Quince Coffee Shop,"1447 Quince St Denver, CO 80220",NA,N,NA,NA,NA,NA,NA,NA,cafe,(303) 955-2479,NA,NA,NA,NA,NA,NA,NA,TBH... we don't donate (nothign really goes to waste) Revisit in person,NA,NA,NA,NA
Little finch,"1490 16th St Denver, CO 80202",Eddy,Y,in-person,18-Oct,1,NA,A,2,cafe,NA,Mary,employee,NA,NA,NA,NA,NA,talked to mary the employee - same owner of Olive and FInch,NA,NA,NA,NA
Huckle Berry (milk Market),"1800 Wazee St Denver, CO 80202",Luke,Y,Email,17-Oct,2,NA,A,2,cafe,NA,Collin,Employee,NA,Odalis,Manager,027ibarra@gmail.com,4,Collin gave Odali's (GM) email,NA,NA,NA,NA
Metropolis Coffee,"300 W 11th Ave Denver, CO 80204",Luke,Y,Tetx box submission,17-Oct,2,NA,A,2,cafe,3035637021,Megan,Employee,NA,Brock,owner,NA (text box on website),4,Sent text box submission adressed to Brock through website as directed. (talked to Megan),NA,NA,NA,NA
Moxie,"70 Broadway Denver, CO 80203",Luke,Y,In person,18-Oct,1,NA,A,2,cafe,(303) 524-9236,Marco,Employee,NA,NA,NA,NA,NA,Talked to Marco (employee) while owner wasn't there. Passing it on to owner. Wasn't aloud to give out contact.,NA,NA,NA,NA
Wonder,"1540 Platte St Denver, CO 80202",Luke,Y,In person,18-Oct,2,NA,B,2,cafe,NA,Mckenna,Employee,NA,kayla,Manager,platte@wonderpress.co,NA,"Talked to Mckenna, passing it on the Kayla. Interested and has 33% OFF shelf.",NA,NA,NA,NA
Mutiny,"2 S Broadway Denver, CO 80209",Luke,Y,In person,18-Oct,1,NA,A,3,cafe,NA,NA,NA,NA,NA,NA,NA,NA,Don't go there,NA,NA,NA,NA
Crema,"2862 Larimer St Denver, CO 80205",Luke,Y,Email,17-Oct,2,NA,A,2,cafe,NA,Jack,Employee,NA,Wyett,Manager,cremawholesale@gmail.com,1,Talked to Jack - sent manager (wyett) email,NA,NA,NA,NA
Yours truly cupcake,"3563 Larimer St Denver, CO 80205",Eddy,Y,phone,23-Oct,3,NA,A,2,Bakery,303-638-3528,Chloe,employee,NA,Lisa,GM,lisa@yourstrulycupcake.com,1,"Tiffany = owner, spoke to chloe",NA,NA,NA,NA
Atomic Provisions (pizza),"141 S Broadway, Denver, CO 802",Luke,Y,Email,17-Oct,2,NA,A,2 (corporate),Pizza,NA,Sky,Employee,NA,Jeremy,manager,"jeremy.gable@atomicprovisions.com,",2?,"Talked to Sky, told to email Jeremy (GM) / responded saying we need ot talk to corporate about it",NA,NA,NA,NA
Pie Hole,"44 S Broadway Denver, CO 80209",Luke,Y,Call,19-Oct,2,NA,A,2,Pizza,NA,Trevor,Employee,NA,CJ,Manager,need to catch him on a call,NA,"Talked to Trevor, passing it along to CJ - (call on thursday and askf or CJ) --- call monday",NA,NA,NA,NA
The Bardo,"238 S Broadway Denver, CO 80209",Luke,Y,In person,18-Oct,2,NA,A,2,cafe,NA,?,NA,NA,NA,NA,NA,NA,"Talked to employee, passing it along. (owner is reachable at HERE) / Did the text box submission, waiting on response",NA,NA,NA,NA
Devils food bakery,"1020 S Gaylord St Denver, CO 80209",Luke,Y,In person,18-Oct,NA,NA,NA,NA,NA,NA,?,NA,NA,NA,NA,NA,NA,NA,NA,NA,NA,NA
Steam Espresso Bar,"1801 S Pearl St Denver, CO 80210",Luke,Y,Email,18-Oct,2,NA,A,2,cafe,NA,Kylie,Employee,NA,Hani,Owner?,hani@steamespressobar.com,NA,Talked to Kylie (manager)- passing info along to onwer. Something they've been looking for! / waiting for email response,NA,NA,NA,NA
Gates and Grog,"1875 S Pearl St Denver, CO 80210",Luke,Y,In person,18-Oct,NA,NA,NA,NA,Deli,NA,Victor,Head chef,NA,NA,NA,NA,NA,Victor (head chef) said they'd only use it once a week but wanted a card.,NA,NA,NA,NA
WashPerk,"853 E Ohio Ave Denver, CO 80209",Jack,Y,email,18-Oct,2,NA,B,2,cafe,n/a,n/a,cashier,NA,n/a,n/a,washperk@gmail.com,1,"Manager wasn't in, gave email to me",NA,NA,NA,NA
Happy bake shop,"3621 W 32nd Ave Denver, CO 80211",NA,N,NA,NA,NA,NA,NA,NA,NA,NA,NA,NA,NA,NA,NA,NA,NA,NA,NA,NA,NA,NA
Daboba,"1920 17th St Denver, CO 80202",NA,Y,NA,NA,NA,NA,NA,NA,cafe,NA,NA,NA,NA,NA,NA,NA,NA,Doesn't do food,NA,NA,NA,NA
Penelope's Cafe,"1801 Blake St Denver, CO 80202",Luke,Y,In person,18-Oct,2,NA,B,2,cafe,NA,Matt,NA,NA,NA,NA,NA,NA,"Talked to Matt who said they're trying to get on too good to go. Passing info along. Email wouldnt hurt /Emailed them, waiting for response",NA,NA,NA,NA
Fluid Coffee,"501 E 19th Ave Denver, CO 80203",Luke,Y,In person,19-Oct,2,NA,B,2,cafe,NA,Jackie,Employee,NA,Jeff,Owner,info@fluidcoffeebar.com,2,"Talked to Jackie, (was told to email them adresesd to Jeff the owner) /Eailed, waiitng on response",NA,NA,NA,NA
Slackline Coffee,"1139 20th St Denver, CO 80202",Luke,Y,In person,19-Oct,2,NA,B,2,cafe,NA,Forgot,NA,NA,Chad Bratt,Owner,chad.bratt@jaggedbrewery.com,NA,Was told to email owner. Forgot name of employee,NA,NA,NA,NA
Corner Bakery,"500 16th St Mall Denver, CO 80202",Luke,Y,In person,19-Oct,1,NA,A,2,cafe,NA,Herma,Employee,NA,NA,NA,NA,3,Talked to Herma. Not allowed ot give out info. Was told ot call or visit another day.,NA,NA,NA,NA
Il Posto,"2601 Larimer St Denver, CO 80205",Jack,Y,email,19-Oct,2,NA,B,2,fast casual MTO,NA,bartender,manager on duty,NA,NA,NA,tyler@ilpostodenver.com,1,NA,NA,NA,NA,NA
Stow Away Cafe Denver,"2528 Walnut St Denver, CO 80205",Jack,Y,email,19-Oct,2,NA,B,2,Cafe,NA,NA,owner,stowawaycafedenver@gmail.com,NA,NA,NA,NA,gives food away to shelters but intested anyway,NA,NA,NA,NA
Silce works colfax,"700 E Colfax Ave Denver, CO 80203",Eddy,Y,email,23-Oct,2,NA,A,2,pizzeria RM,(303) 993-8127,Lou Scileppi,Owner,NA,NA,NA,louscileppi@comcast.net,4,Has surplus and can't legally donate - Lou owns all locations,NA,NA,NA,NA
Slice works LODO,"1433 17th St Denver, CO 80202",NA,Y,NA,NA,NA,NA,NA,NA,Pizza,(303) 297-3464,NA,NA,NA,NA,NA,zakc@sliceworkspizza.com,NA,Talked to Dave -,Zak Cannata (owner),860-805-9737,NA,NA
Redeemer,"2705 Larimer St Denver, CO 80205",Luke,Y,Email,18-Oct,2,NA,A,2,Pizza,(720) 780-1379,Brandon and Brett,Both Employees,NA,Chad,Owner,had@diomiopasta.com,NA,"Brandon. INTERESTED!!! Owner will be calling. ""if they don't call, please try again""","Went in Monday, talked to Brett who said to email Chad (GM)/ awatiting response",NA,NA,NA
Sexy Pizza,"1579 S Pearl St Denver, CO 80210",NA,Y,NA,NA,NA,NA,NA,NA,Pizza,(303) 777-5878,NA,NA,NA,NA,NA,NA,NA,We trash it. Jessie (employee) loves the idea and said to email Marketing@sexy.pizza,NA,NA,NA,NA
Blue Pan Pizza,"3509 E 12th Ave Denver, CO 80206",Eddy,Y,in-person,19-Oct,1,NA,B,3,Pizza,(720) 519-0944,Colin,employee,NA,Grace,GM,grace@bluepandenver.com,2,doesn't seem to have much surplus,NA,NA,NA,NA
Famous Original J's,"715 E 26th Ave Denver, CO 80205",Eddy,Y,NA,NA,NA,NA,NA,NA,Pizza,(720) 420-9102,NA,NA,NA,NA,NA,NA,NA,"""we do have extra slices that we try to give to a couple homeless that come by sometimes"" (intersted in another solution)",NA,NA,NA,NA
Mora,"911 E Colfax Ave Denver, CO 80218",NA,N,NA,NA,NA,NA,NA,NA,Pizza,(786) 483-4212,NA,NA,NA,NA,NA,NA,NA,"""we don't have extra"" (revisit in person?)",NA,NA,NA,NA
Oblio's,"6115 E 22nd Ave Denver, CO 80207",NA,N,NA,NA,NA,NA,NA,NA,Pizza,(303) 321-1511,NA,NA,NA,NA,NA,NA,NA,No pizza by the slice,NA,NA,NA,NA
Mellow mushroom,"1201 16th St Denver, CO 80202",Eddy,Y,email,23-Oct,2,NA,B,2,Pizzeria MTO,NA,Michael,GM,denver_gm@mellowmushroom.com,NA,NA,NA,NA,Michael liked it but corporate will have to make the decision,NA,NA,NA,NA
Cart Driver,"2235 W 30th Ave Denver, CO 80211, United States",Jack,Y,email,25-Oct,2,NA,B,2,Pizza MTO,NA,Annabelle,employee,NA,stephen,co-owner,stephen.mcgregor@cart-driver.com,2,Spoke w employee/emailed co-owner stephen,NA,NA,NA,NA
Giordano's,"1600 California St Denver, CO 80202",Eddy,Y,email,23-Oct,3,NA,B,2,Pizzeria MTO,NA,Madison,employee,NA,Peter,Director of Ops,mmedina@giordanosco.com / ppraisilik@giordanosco.com,NA,Peter = Director of operations who would make the decision. A lot of no-show pickup orders,NA,NA,NA,NA
Fox and the Hen,"2257 West 32nd Ave Denver, CO 80211",Jack,Y,NA,NA,NA,NA,NA,NA,Pizza,NA,Zak & Carrie,NA,NA,NA,NA,zak@foxandthehen.com & carrier@foxandthehen.com,NA,"Spoke w employee/owner? and she advised I reach out to the chefs, Zak & Carrie",NA,NA,NA,NA
Afterburners Calzones,"32 N Broadway Denver, CO 80203",Luke,Y,NA,NA,NA,NA,NA,NA,Pizza,NA,NA,NA,NA,NA,NA,NA,NA,"No surplus, although kate is talking to owners who own other spots",NA,NA,NA,NA
Improper City,"3201 Walnut St Denver, CO 80205",Jack,Y,email,20-Oct,2,NA,B,2,cafe,NA,n/a,manager,info@impropercity.com,NA,NA,NA,NA,needs to speak w kitchen to see if its something they want to do,NA,NA,NA,NA
Chopstickers,"1617A California St Denver, CO 80202",Jack,Y,In person,21-Oct,1,NA,B,2,Noodle shop,NA,Abraham,Owner,zhijian909@gmail.com,Abraham,NA,NA,NA,New restaurant\not much food waste,NA,NA,NA,NA
Super fruit republic,"1776 N Broadway Denver, CO 80202",Jack,Y,In person,21-Oct,1,NA,A,NA,Health foods,NA,NA,NA,NA,NA,NA,NA,3,Manager not in/employee didn't have contact info/left ours & will return,NA,NA,NA,NA
Fresh farm market,"2401 Larimer St Denver, CO 80205",NA,N,NA,NA,NA,NA,NA,NA,NA,NA,NA,NA,NA,NA,NA,NA,NA,NA,NA,NA,NA,NA
Benny Blanco's Slice of the Bronx,"616 E 13th Ave Denver, CO 80203",Eddy & Luke,Y,in-person,19-Oct,1,NA,A,2,pizzeria RM,NA,Zek,manager (stepson of owner),NA,NA,NA,NA,NA,"Mike is the owner, he will be in 11-3pm on mon,tues,thurs,fri / have surplus slices",NA,NA,NA,NA
Cart Driver,"2500 Larimer St, Denver, CO 80205-2275",Luke,Y,in person,18-Oct,1,NA,NA,NA,pizza,NA,NA,NA,NA,NA,NA,NA,NA,Pizza by the pie - No surplus,NA,NA,NA,NA
Hello darling cafe,"1610 Little Raven St, Denver, CO 80202",NA,NA,NA,NA,NA,NA,NA,NA,NA,NA,NA,NA,NA,NA,NA,NA,NA,NA,NA,NA,NA,NA
Denver Pizza Compnay,"309 West 11th Avenue, Denver, CO 80204",Luke,Y,NA,NA,NA,NA,NA,NA,NA,NA,NA,NA,NA,NA,NA,NA,2,Pizza by the pie - No surplus,NA,NA,NA,NA
Billy's Hotdogs,"2445 Larimer St Denver, CO 80205",Luke,NA,NA,NA,NA,NA,NA,NA,NA,NA,NA,NA,NA,NA,NA,NA,NA,Talked to manager. Said they wouldn't use it for the amount of surplus they expereicne,NA,NA,NA,NA
Tuscany coffee and deli,"1600 Stout St Denver, CO 80202",NA,NA,NA,NA,NA,NA,NA,NA,NA,NA,NA,NA,NA,NA,NA,NA,2,NA,NA,NA,NA,NA
Rugby Scott Ranch Provisions,"731 S University Blvd Denver, CO 80209",Jack,Y,email,18-Oct,2,NA,B,2,Wholesale Meats,n/a,tuck,owner,tuck@rugbyscott.com,tuck,owner,tuck@rugbyscott.com,1,"Spoke w both owners. They sell meat nationally, but are open to selling saller things locally to build a presence. Interested, but want to be sure we have a customer base to connect them with.",NA,NA,NA,NA
Rio Grande,"1745 Wazee St Denver, CO 80202",Eddy,Y,NA,NA,NA,NA,NA,NA,NA,512-431-8377 (cell),NA,NA,NA,NA,NA,mciani@riograndemexican.com,NA,"Matt Ciani = GM, Crystal = employee",NA,NA,NA,NA
Menya Noodle Bar,"951 16th St Denver, CO 80202",Jack,Y,NA,NA,NA,NA,NA,NA,Asian Noodles,NA,Jw Lee,NA,NA,NA,NA,jw@menyagroup.com,2,Two shops in Denver. Spoke w hostess and another employee.,NA,NA,NA,NA
Daves Hot Chicken,"99 S Broadway Denver, CO 80209",Jack,Y,NA,NA,NA,NA,NA,NA,Hot Chicken,NA,Manny,NA,NA,NA,NA,mannyg@daveschicken.com,2,Spoke w employee and she advised I reached out to regional manager manny,NA,NA,NA,NA
Corner bakery cafe,"717 17th St Denver, CO 80202",NA,NA,NA,NA,NA,NA,NA,NA,NA,NA,NA,NA,NA,NA,NA,NA,3,NA,NA,NA,NA,NA
The Post Chicken & Beer,"1575 Boulder St Denver, CO 80211",Eddy,Y,NA,NA,NA,NA,NA,NA,chx & beer,NA,Case Kazech,NA,NA,NA,NA,case@postchickenandbeer.com,3,"case is the manager, I was given his/her email from an employee when I visited",NA,NA,NA,NA
Rosenbergs,"725 E 26th Ave Denver, CO 80205",Eddy,Y,email,23-Oct,3,NA,A,2,bagel shop,NA,David,GM,NA,NA,NA,fivepoints@rosenbergsbagels.com,2,"same owner as famous J's, throws out day old bagels / Josh is owner of rosenbergs and loves local",NA,NA,NA,NA
Lechugas,"3609 Tejon St Denver, CO 80211",Jack,Y,NA,NA,NA,NA,NA,NA,italian restaurant,NA,not given,NA,NA,NA,NA,lechugasitalian@icloud.com,2,Employee said I should reach out to the manager.,NA,NA,NA,NA
Tacos Uprising,"2849 Welton St Denver, CO 80205",Eddy,Y,email,23-Oct,3,NA,B,2,NA,NA,Samuel,Founder,info@tacouprising.com,NA,NA,NA,NA,"local owner, interested / contacted via website form",NA,NA,NA,NA
Chook,"1300 S Pearl St Denver, CO 80210",Jack,Y,NA,NA,NA,NA,NA,NA,chicken,NA,not given,NA,NA,NA,NA,info@chook.com,2,Manager wasn't in.,NA,NA,NA,NA
Duffeyroll,"1290 S Pearl St Denver, CO 80210",Jack,Y,NA,NA,1,NA,NA,NA,Bakery & Cafe,NA,Christina,NA,NA,NA,NA,christina@duffeyrolls.com,2,they currently give away their surplus to homeless/ppl in need,NA,NA,NA,NA
Lechugas,"3609 Tejon St Denver, CO 80211",Jack,Y,email,18-Oct,2,NA,B,2,fast casual ready made,303-455-1502 (restaurant),idk,cashier,lechugasitalian@icloud.com,idk,idk,NA,NA,ready make pasta,NA,NA,NA,NA
Modern market,"900 16th St Denver, CO 80202",Eddy,Y,NA,NA,NA,NA,NA,NA,NA,NA,Tracy = GM,NA,NA,NA,NA,tracy.crandall@modernmarket.com,2,NA,NA,NA,NA,NA
Hops and Pie,"3920 Tennyson St Denver, CO 80212",Jack,Y,email,20-Oct,2,NA,B,2,Pizza,NA,n/a,shift manager,NA,Leah,owner/operator,leah@hopsandpie.com,1,"pizza, sometimes they have left over pizza",NA,NA,NA,NA
steam espresso bar,"3600 Tejon St Denver, CO 80211",Jack,Y,email,20-Oct,2,NA,B,2,cafe,NA,NA,NA,NA,skylar,owner,skylar@steamespressobar.com,1,NA,NA,NA,NA,NA
Ricos Pizza,"2700 E Colfax Ave Denver, CO 80206",NA,NA,NA,NA,NA,NA,NA,NA,NA,NA,Luke - owner,NA,NA,NA,NA,lukeofricos@gmail.com,2,NA,NA,NA,NA,NA
Leroy's bagels,"4432 W 29th Ave Denver, CO 80212",NA,NA,NA,NA,NA,NA,NA,NA,NA,NA,NA,NA,NA,NA,NA,NA,NA,NA,NA,NA,NA,NA
Osaka Ramen (Sushi-Rama),"2615 Larimer St Denver, CO 80205",Eddy,Y,email,20-Oct,2,NA,A,2,fast casual RM,208-830-6795 (C),Ashley,Manager,mgr.rino@sushi-rama.com,Caitlin,Rino GM,manager@osakaramendenver.com,4,They have RM sushi on conveyer belt and throw out product that can't sell in certain window / talked to ashley / jeff osaka is owner of all 4 locations / caitlin runs Rino,NA,NA,NA,NA
The French Press,"3504 E 12th Ave Denver, CO 80206",Eddy,Y,in-person,18-Oct,1,NA,A,2,cafe,303-284-3062 (C),Natalie,employee,NA,Cisco Lopez,Chef/Owner,cisco@myfrenchpress.com,4,Talked to an employee who said they throw out surplus pastries / full kitchen as well / 4 locations,NA,NA,NA,NA
The Walnut Room,"3131 Walnut St Denver, CO 80205",Jack,Y,email,20-Oct,2,NA,C,3,fast casual MTO,NA,Pierce,GM,pierce@firstdraft.beer\leslie_0@thewalnutroom.com,Jona and Leslie,Owners,N/A,1,Pierce can forward our email to the owners of walnut room to see if they're interested,NA,NA,NA,NA
Mister Oso,"3163 Larimer St Denver, CO 80205",Eddy,Y,in-person,18-Oct,1,NA,C,3,fast casual MTO,440-552-4965 (C),Sara,employee,NA,Cristina Farmer,GM,cristina@misterosodenver.com,2,Popped in but was busy so didn't chat about Goodie Bag,NA,NA,NA,NA
Temper Chocolates,"2669 Larimer St, CO 80205",Eddy,Y,in-person,18-Oct,1,NA,B,3,grab n' go,NA,Kaitlin,employee,NA,Mark,Owner,mark@tempercolorado.com,1,They have premade chcolates but have long shelf life and rare surplus,NA,NA,NA,NA
SAME Cafe,"2023 E Colfax Ave Denver, CO 80206",Eddy,Y,in-person,18-Oct,1,NA,B,3,fast casual RM,720-530-6853,Maria,employee,NA,Carrie,ED,carrie@soallmayeat.org,1,Non-profit that runs a donation based kitchen - not a likely partner but cool concept and good people to talk to,NA,NA,NA,NA
Fox Run Cafe,"3550 E Colfax Ave Denver, CO 80206",Eddy,Y,in-person,18-Oct,1,NA,B,3,fast casual RM,720-630-1602 (S),Wes,Assistant GM,NA,Kelsie,Pastry Chef/GM,kelsie@foxruncafe.com,1,they run a tight ship and don't do to-go orders,NA,NA,NA,NA
Truffle Cheese Shop,"2906 E 6th Ave Denver, CO 80206",Eddy,Y,in-person,19-Oct,1,NA,B,3,grab n' go,303-322-7363,?,NA,NA,Lisa Morris,Owner,info@denvertruffle.com,1,They have packaged product that expires - not sure how often / family onwed & woman led,NA,NA,NA,NA
Steve's snappin Dogs,"3525 E Colfax Ave Denver, CO 80206",Eddy,Y,in-person,18-Oct,1,NA,B,2,fast casual RM,303-912-6515 (C),NA,NA,NA,Steve & Linda Ballas,Owners,slandbinc@msn.com,2,"toss hot dogs every night, no solution / Steve is in everyday but wednesday",NA,NA,NA,NA
Hayati Mediterranean Grill,"2958 N Downing St Denver, CO 80205",Eddy,Y,in-person,18-Oct,1,NA,A,2,fast casual RM,720-621-8502 (C),Amino,wife of owner,NA,Mohamed,Owner,NA,1,"Amino said to call Mohamed, they have a buffet style service",NA,NA,NA,NA
Call your Mother,"1295 N Pearl St Denver, CO 80203",Eddy,Y,in-person,24-Oct,2,NA,A,2,cafe,NA,Colin,employee,suellen@callyourmotherdeli.com,Sue,manager of lohi location,NA,2,"surplus pastries, do donate leftover bagels, still throw out a lot accoridng to emoployee / Daniela & Andrew are couple owners form D.C. / spoke to Sue and she said onwers are very into donating",NA,NA,NA,NA
The pasty Republic,"2615 E 3rd Ave Denver, CO 80206",Eddy,Y,email,24-Oct,2,NA,A,2,fast casual RM,NA,NA,NA,NA,Matt,Owner,pastyrepublic@gmail.com,2,"has $5 day olds in store, owners at cherry creek location",NA,NA,NA,NA
OnOff Cafe,"2401 W 32nd Ave Denver, CO 80211",Eddy,Y,in-person,24-Oct,2,NA,A,2,cafe,NA,Amanda,employee,NA,Yuni,Owner,NA,1,they sell day olds at a discounted price in store / lucas or alex are managers too / talked to Pam,NA,NA,NA,NA
Punch Bowl Social,"65 Broadway Denver, CO 80203",Eddy,N,NA,NA,NA,NA,NA,NA,NA,NA,NA,NA,NA,NA,NA,NA,NA,NA,NA,NA,NA,NA
College Inn,"4400 E 8th Ave Denver, CO 80224",Eddy,Y,in-person,19-Oct,1,NA,A,3,fast casual RM,NA,NA,NA,NA,NA,NA,NA,NA,kitchen manager says 2 meals of prepped chicken a night in surplus,NA,NA,NA,NA
Chook Chicken,"4340 E 8th Ave Denver, CO 80220",Eddy,Y,in-person,19-Oct,1,NA,B,3,fast casual RM,NA,Dan,employeee,NA,Elizabeth,COO,elizabeth@chookchicken.com,1,owners are Alex and Adam,NA,NA,NA,NA
Frank and Roze,"4097 E 9th Ave Denver, CO 80220",Eddy,Y,in-person,19-Oct,1,NA,A,3,cafe,NA,NA,NA,NA,NA,NA,NA,NA,they donate to a woman's shelter,NA,NA,NA,NA
Crepes n Crepes,"1222 Madison St Denver, CO 80206",Eddy,Y,in-person,19-Oct,1,NA,B,3,fast casual RM,NA,Daniella,manager,NA,Elina,Owner,NA,NA,"they prep crepes and fridge em, supossedly no surplus",NA,NA,NA,NA
Good Bread Bake Shop,"1515 Madison St Denver, CO 80206",Eddy,N,NA,NA,0,NA,NA,NA,Bakery,NA,NA,NA,NA,NA,NA,NA,NA,NA,NA,NA,NA,NA
Mezcal,"3230 E Colfax Ave Denver, CO 80206",Eddy,Y,in-person,19-Oct,1,NA,B,3,Fast casual MTO,NA,Alejandro,manager,NA,Chris,owner,cswank@nipp.com,NA,not much surplus,NA,NA,NA,NA
Doppio Coffee,"1245 E Colfax Ave Denver, CO 80218",Eddy,Y,email,24-Oct,2,NA,A,2,Cafe,NA,Ocha,employee,NA,Diana,owner,doppiodenver@gmail.com,NA,NA,NA,NA,NA,NA
Zoup eatery,"1550 Court Pl Denver, CO 80202",Eddy,Y,in-person,19-Oct,1,NA,B,3,Fast casual MTO,NA,NA,NA,NA,Tina,GM,NA,NA,employee said no waste,NA,NA,NA,NA
Lazo Empanadas,"1319 22nd St Denver, CO 80205",Eddy,Y,in-person,19-Oct,1,NA,B,2,fast casual RM,NA,NA,NA,NA,NA,NA,NA,3,said no surplus bc they refridgerate em,NA,NA,NA,NA
Lunch Boxx,"2669 Larimer St Denver, CO 80205",Eddy,Y,in-person,19-Oct,1,NA,B,2,fast casual RM,NA,Meg,NA,NA,Zach,Owner,zach@lunchboxxdenver.com,NA,premade meat and rice,NA,NA,NA,NA
Rye Society,"3094 N Larimer St Denver, CO 80205",Eddy,Y,NA,NA,NA,NA,NA,NA,NA,NA,NA,NA,NA,NA,NA,NA,NA,Jerrod Rosen = owner,NA,NA,NA,NA
Lohi Eats,"2550 15th St, Denver CO 80211",Eddy,Y,in-person,18-Oct,1,NA,B,3,cafe,NA,Mariana,manager,NA,Lila & Jake,owners,NA,NA,no surplus,NA,NA,NA,NA
Heidi's Brooklyn Deli,"1225 17th St Denver, CO 80202",Eddy,Y,NA,NA,NA,NA,NA,NA,NA,NA,NA,NA,NA,Suzie,owner,NA,4,NA,NA,NA,NA,NA
The radiator,"2139 W 44th Ave Denver, CO 80211",Eddy,Y,email,24-Oct,2,NA,A,2,Cafe,NA,Drew?,NA,NA,Steph?,NA,gm@theradiatordenver.com,NA,NA,NA,NA,NA,NA
Maria Empanada,"1700 Platte St Denver, CO 80202",Eddy,Y,email,23-Oct,2,NA,B,2,fast casual RM,NA,Nicole,GM,NA,Lorena,owner,info@mariaempanadas.com,3,Victor is manager as well,NA,NA,NA,NA
Dio Mio,"3264 Larimer St Denver, CO 80205",Eddy,Y,NA,NA,NA,NA,C,3,NA,NA,Peter,executive chef,NA,NA,NA,NA,NA,no waste / scratch kitchen / redeemer pizza is sister location,NA,NA,NA,NA
Empanada Express,"4301 W 44th Ave Denver, CO 80212",NA,N,NA,NA,NA,NA,NA,NA,NA,NA,NA,NA,NA,NA,NA,NA,NA,NA,NA,NA,NA,NA
Curtis park creamery,"908 30th St Denver, CO 80205",Eddy,N,NA,NA,NA,NA,NA,NA,NA,NA,NA,NA,NA,NA,NA,NA,NA,NA,NA,NA,NA,NA
Fat Sullys,"3237 E Colfax Ave Denver, CO 80206",NA,N,NA,NA,0,NA,NA,NA,Pizzeria RM,NA,NA,NA,NA,NA,NA,NA,2,pizza by the slice - revisit,NA,NA,NA,NA
Gold Point,"3126 Larimer St Denver, CO 80205",NA,N,NA,NA,NA,NA,NA,NA,NA,NA,NA,NA,NA,NA,NA,NA,NA,NA,NA,NA,NA,NA
La Cochinita,"4935 W 29th Ave Denver, CO 80212",Eddy,N,NA,NA,0,NA,B,NA,fast casual RM ?,303-458-0932,NA,NA,NA,NA,NA,NA,NA,NA,NA,NA,NA,NA
Savageau Coffee,"2260 E Colfax Ave Denver, CO 80206",Eddy,N,NA,NA,NA,NA,NA,NA,NA,NA,NA,NA,NA,NA,NA,NA,NA,NA,NA,NA,NA,NA
City Donuts,"4918 E Colfax Ave Denver, CO 80220",Eddy,NA,NA,NA,NA,NA,NA,NA,NA,NA,NA,NA,NA,NA,NA,NA,2,NA,NA,NA,NA,NA
Intermission cafe,"1800 Larimer St, Denver, CO 80202",Jay,Y,in person,23-Oct,1,NA,A,NA,Cafe + MTO,(303) 862-5098,Ana,Cashier / employee,NA,Jim Roo,Partner/Owner,jim@roomanagement.com,1,They have surplus bakery goods + massive surplus after catering we need to explore,NA,NA,NA,NA
Mercantile Dining & Provision,"1701 Wynkoop St #155, Denver, CO 80202",Jay,Y,in person,23-Oct,1,NA,A,NA,Cafe + MTO,(720) 460-3733,Beth,Cashier / employee,NA,Dan,Ops Manager,NA,1,Need to come by around 3 during shift change to get an audience with Dan,NA,NA,NA,NA
Pigtrain Coffee Co,"1701 Wynkoop St, Denver, CO 80202",Jay,Y,in person,23-Oct,1,NA,A,3,Cafe + MTO,(720) 460-3708,Kim,Cashier / employee,NA,NA,NA,NA,NA,No Surplus,NA,NA,NA,NA
Waffles & Dinges,"1701 Wynkoop St, Denver, CO 80202",Jay,Y,in person,23-Oct,1,NA,A,NA,Bakery,(720) 460-3710,Stone,Cashier / employee,NA,Thomas Deegest,Owner,NA,NA,Has some surplus -- multiple locations in NYC,NA,NA,NA,NA
Azucar Bakery,"1886 S Broadway, Denver, CO 80210-3104",NA,N,NA,NA,0,NA,NA,NA,NA,(720) 283-3294,NA,NA,NA,NA,NA,NA,NA,NA,NA,NA,NA,NA
The Rolling Pin Bakeshop,"2716 Welton St, Denver, CO 80205",NA,N,NA,NA,0,NA,NA,NA,NA,720 708 3026,NA,NA,NA,NA,NA,NA,NA,NA,NA,NA,NA,NA
Sugar Bakeshop,"277 Broadway, Denver, CO 80203",NA,N,NA,NA,0,NA,NA,NA,NA,(720) 458-5432,NA,NA,NA,NA,NA,NA,NA,NA,NA,NA,NA,NA
Katherine's French Bakery & Cafe,"728 S University Blvd, Denver, CO 80209",NA,N,NA,NA,0,NA,NA,NA,NA,(303) 282-5888,NA,NA,NA,NA,NA,NA,NA,NA,NA,NA,NA,NA
Trompeau Bakery,"2950 S Broadway, Englewood, CO 80113",NA,N,NA,NA,0,NA,NA,NA,NA,(303) 777-7222,NA,NA,NA,NA,NA,NA,NA,NA,NA,NA,NA,NA
City Cafe,"726 Lincoln St, Denver, CO 80203",NA,N,NA,NA,0,NA,NA,NA,NA,(303) 861-0809,NA,NA,NA,NA,NA,NA,NA,NA,NA,NA,NA,NA
Raleigh Street Bakery Bread,"5245 Raleigh St, Denver, CO 80212",NA,N,NA,NA,0,NA,NA,NA,NA,(303) 709-1020,NA,NA,NA,NA,NA,NA,NA,NA,NA,NA,NA,NA
French for Sugar,"1201 E Colfax Ave, Denver, CO 80218, United States",NA,N,NA,NA,0,NA,NA,NA,NA,303 522 6886,NA,NA,NA,NA,NA,NA,NA,NA,NA,NA,NA,NA
D Bar Denver,"494 E 19th Ave, Denver, CO 80203",NA,N,NA,NA,0,NA,NA,NA,NA,303 861-4710,NA,NA,NA,NA,NA,NA,NA,NA,NA,NA,NA,NA
The Bindery,"1817 Central St, Denver, CO 80211",NA,N,NA,NA,0,NA,NA,NA,NA,(303) 993-2364,NA,NA,NA,NA,NA,NA,NA,NA,NA,NA,NA,NA
Cosmos,"550 N Grant St, Denver, CO 80203-4420",NA,N,NA,NA,NA,NA,NA,NA,Pizza RM,NA,NA,NA,NA,NA,NA,NA,NA,NA,NA,NA,NA,NA
The Flour Shop,"2400 Curtis St. Denver, CO 80205",Jack,Y,In person,25-Oct,1,NA,A,2,Bakery,NA,Catery owner,NA,NA,Jenny,Bakery owner,NA,1,Jenny owns the bakery/left a note for her,NA,NA,NA,NA
Nest Coffee,"2949 Federal Blvd Denver, CO 80211",Jack,Y,email,25-Oct,2,NA,B,2,Cafe,NA,Molly,Employee,NA,Ashley & Kelly,Owners,ashley@nurture.me / kelly@nurture.me,1,expanding menu soon and might be interested,NA,NA,NA,NA
Mead St. Provisions,3625 West 32nd Avenue,Jack,Y,email,25-Oct,2,NA,B,2,Fast Casual MTO,NA,Paul,owner,paulkburke1@gmail.com,NA,NA,NA,NA,checking w chef to determine food waste/liked the idea,NA,NA,NA,NA
Pizza Alley,"3499 W 32nd Ave, Denver, CO 80211-3103",Jack,Y,in person,25-Oct,1,NA,A,2,Pizza RM,NA,Kyle,co-owner,na,NA,NA,NA,NA,Checking w co-owner to determine need,NA,NA,NA,NA
Winchels Donuts,4965 N. Federal St. Denver,Luke,Y,In person,25-Oct,1,NA,A,2,Bakery,NA,Yaseem,Employee,NA,Baseem,Manager,3034775926,NA,Said to call Baseem (manager),NA,NA,NA,NA
Rivers and Roads Coffee,"2539 E Bruce Randolph Ave Denver, CO 80205",Eddy,Y,no,23-Oct,3,NA,A,2,cafe,NA,Eric,employee,NA,Michael & Desiree,Owners,info@riversandroadscoffee.com,2,"Michael & Desiree Keen are local owners! 2 locations, homemade baked items, gluten-free, has a food truck as of recent, talked to eric the employee and verified surplus need / Mike's in on thursday from 7am - 1pm / Mike said only have 4 muffins leftover a day, and labor is his biggest cost, not interested rn",NA,NA,NA,NA
Maggie and Molly's Bakery,"2908 E 6th Ave Denver, CO 80206",Eddy,Y,no,23-Oct,3,NA,A,1,Bakery,720-328-4073 (S),Abby,Manager,NA,Mary,Owner,info@maggieandmollys.com,1,mary is overwhelmed in the holiday season and can't do anything new right now - circle back in January,NA,NA,NA,NA
Queen City Roasting,"2962 Welton St Denver, CO 80205",Eddy,Y,no,23-Oct,3,NA,A,2,Cafe,NA,Rebecca,employee,NA,Cassie,Retail Manager,cassie@queencityroasting.com,3,"spoke to rebecca, Cassie replied to second email saying they don't have a use case currently. Bri responded making one more case for the exposure to the community and also posting coffee beans.",NA,NA,NA,NA
Lil Coffe and Tea,"300 E 6th Ave 5 Denver, CO 80203",Luke,Y,no,18-Oct,2,NA,A,NA,Cafe,NA,Jake,NA,NA,Vivian Lin,General Manager,Vivian@lilcoffeashop.com,NA,"Talked to Jake (employee) said to DM them on insta. They waste sandwiches and pastries
GM Vivian responded and said they don't have a use case.",NA,NA,NA,NA
Scratch Bakery & Kitchen,"2748 Welton St Denver, CO 80205",Eddy,Y,no,19-Oct,3,NA,A,1,Bakery,(303) 927-6681,NA,NA,NA,Michelle,Owner,80205mrs@gmail.com,1,locally owned & operated (Dan & Michelle Sawyer = owners) - could use some marketing support + has surplus / said she saw my email and would reach out,NA,NA,NA,Revisit Thursday
Kochi Cafe,"4100 E 8th Ave Denver, CO 80220",Eddy,Y,no,23-Oct,3,NA,A,1,Cafe,NA,Alexandria (Lexi),owner's daughter,Alexandriaheese@kochicafe.com / kathrynkeehne@kochicafe.com,Kathryn Keehne,GM,kathrynkeehne@kochicafe.com,1,lexi was interested and has surplus but concerned about college students being our target audience - ultimately will default to Kathryn's decision / spoke to Melissa the employee as well,NA,NA,NA,NA