Name,Address,POC,Physically Visited? Y/N,status,Last PoC Date,Touchpoint #,Next Visit Date,"Type(A,B,C)",Lead,Type,"Phone (store, cell)",Name of who you talked to,Their position...14,Their email,Decision Maker Name,Their position...17,Decision Maker Email,# of locations,Notes,...21,...22,...23,...24,lon,lat,address,cluster
Denver Milk Market,"1800 Wazee St 100 Denver, CO 80202",Eddy,Y,partner,NA,NA,NA,NA,0,grab n go,NA,NA,NA,NA,NA,NA,steven.kean@sagehospitalitygroup.com,5,single owner for all the shops in the market - they experience surplus food being wasted especially with the packaged fruit/salad containers  / Steven is  interested and he manages the locations but owner would have to approve & accounting team would need to approve,NA,NA,NA,NA,-104.9970626,39.7531593,"1800 wazee st suite 100, denver, co 80202, usa",2
My Vision Nutrition,"727 S University Blvd Denver, CO 80209",Jack,Y,partner,18-Oct,2,NA,A,partner,grab n go,720-546-3116,Mia,cashier,alejandro@mvnmealprep.com,Alejandro,CFO & COO,alejandro@mvnmealprep.com,2,Spoke w employee. They discount meals that don't sell then throw out the rest,NA,NA,NA,NA,-104.9597398,39.7031438,"727 s university blvd, denver, co 80209, usa",5
Tony Ps,"3000 Zuni St Denver, CO 80211",Eddy,Y,partner,18-Oct,2,NA,B,partner,Pizza,720-314-1735,Tony,NA,NA,Tony P,Owner,tony@tonypspizza.com,1,"Ciabatta bread, muffins, occassional slice - already partnered / needs a device to access platform on bc current tablets aren't supported",NA,NA,NA,NA,-105.0156042,39.7598278,"3000 zuni st, denver, co 80211, usa",4
Detox Juice,"3310 Brighton Blvd 110 Denver, CO 80216",Eddy,Y,partner,18-Oct,1,NA,B,partner,grab n go,720-909-9017 (C),Karen Parra,Owner,NA,NA,NA,info@thedetoxjuice.com,1,"$25 big bag, $6 small bag",NA,NA,NA,NA,-104.9805375,39.7681448,"3310 brighton blvd ste.110, denver, co 80216, usa",2
Qargo Coffee,"2005 17th St Denver, CO 80202",Luke,Y,partner,20-Oct,2,NA,A,partner,cafe,NA,Brighton and Rena,NA,NA,Rena,Manager,NA,1,Talked to Brighton - passing info along. Didn't have contact info for manager. (find email online for recap) / phone call with rena - setting them up monday!!!,NA,NA,NA,NA,-105.0021451,39.7551859,"2005 17th st, denver, co 80202, usa",2
Ritual Social House,"1209 E 13th Ave Denver, CO 80218",Eddy,Y,partner,19-Oct,1,NA,A,partner,fast casual MTO,NA,NA,NA,NA,Brian,NA,briand@ritualdenver.com,1,"""conductor of chaos"" - this guy gets it",NA,NA,NA,NA,-104.9726439,39.7370508,"1209 e 13th ave, denver, co 80218, usa",3
Post Oak,"4000 Tennyson St Denver, CO 80212",Eddy,Y,partner,24-Oct,3,NA,A,partner,fast casual RM,NA,Zack,Manager,zack@postoakdenver.com,Nick Prince,Owner,NA,1,They prep their ribs and pulled pork and other meat items that they have in surplus / could box and fridge excess and list on goodie bag /,NA,NA,NA,NA,-105.0437324,39.7717819,"4000 tennyson st, denver, co 80212, usa",4
Sonnys,"2622 W 32nd Ave, Denver",Jack,Y,partner,24-Oct,2,NA,A,partner,fast casual MTO,NA,NA,NA,david@sonnysmed.com,NA,NA,NA,1,great guys/love goodiebag/have chicken that expires when they close on sunday and open on monday/new shop/also next to bakery that could use us,NA,NA,NA,NA,-105.0196232,39.7617535,"2622 w 32nd ave, denver, co 80211, usa",4
Altimeter Cafe,"4499 W 38th Ave Ste 101 Denver, CO 80212",Eddy,Y,email,24-Oct,2,NA,A,2,cafe,(720) 688-0044,Tori & Franny,employees,NA,Lee Ann,GM,leeann@flyteco.beer,1,"they have surplus bagels that are thrown out & day old muffins they sell for $1 but still end up throwing out / mon,tues,thurs,fri / spoke to jess and confirmed muffin surplus",NA,NA,NA,NA,-105.0448627,39.7696155,"4499 w 38th ave #101, denver, co 80212, usa",4
the Urban Cookie,"2260 E Colfax Ave Ste 101 Denver, CO 80206",Eddy,Y,email,23-Oct,2,NA,A,1,Bakery,720-532-8100,Denon Moore,Founder,denon@theurbancookie.com,NA,NA,NA,1,Denon has a mystery bag of 3 day old cookies that they sell in store for $6 / she was interested in us but says they sell thru their in-store day olds / also runs the savageau cafe next store,NA,NA,NA,NA,-104.9601367,39.7397943,"2260 e colfax ave suite 101, denver, co 80206, usa",3
Delectable egg,"1642 Market St Denver, CO 80202",Eddy,Y,email,26-Oct,2,NA,A,1,fast casual RM,NA,NA,NA,NA,Amy,NA,NA,NA,"Amy is GM and soon to be sole proprietor, loves the idea for the community element and something that heremployees can rally behind / going to expand throughout coloraod",NA,NA,NA,NA,-104.997359,39.750231,"1642 market st, denver, co 80202, usa",2
Just BE Kitchen,"2364 15th St, Denver, CO 80202",Eddy,Y,email,26-Oct,2,NA,B,1,Fast casual,(303) 284-6652,Jude,Fixer,jude@justbekitchen.com,Jen,Owner,NA,NA,Jude was hired to fix up the shop and loved the idea and how we work/Following up w email/expanding to boulder,NA,NA,NA,NA,-105.0091486,39.7560568,"2364 15th st, denver, co 80202, usa",2
Mob Coffee,"3937 Tennyson St Denver, CO 80212",Eddy,Y,email,24-Oct,2,NA,A,1,cafe,NA,James,employees,NA,Andre & Neva,Founders,mobcoffeedenver@gmail.com,1,"surplus donuts & burritos, no current solution / young couple owners",NA,NA,NA,NA,-105.0441636,39.7718344,"3937 tennyson st, denver, co 80212, usa",4
Hearth,"2500 Lawrence St 200 Denver, CO 80205",Eddy,Y,email,19-Oct,2,NA,A,1,Bakery,NA,Matt,Founder,matt@hearthdenver.com,NA,NA,NA,1,"Matt is Jack's college friend / he is down but has to run it by the baristas / wants me to go to a staff meeting and show the platform / sells to retail locations and has a ""no day old"" clause that prevents them from selling his products the next day /",NA,NA,NA,NA,-104.9850283,39.7568677,"2500 lawrence st #200, denver, co 80205, usa",2
Brooklyns Finest Pizza,"825 16th St Mall Denver, CO 80202",NA,Y,email,26-Oct,3,NA,A,1,Pizza,(303) 573-3779,Kayla,Manager,NA,CArlo,Owner,brooklynsfinestpizza303@gmail.com (bounced),NA,"Donate? ----- ""We do not... unfortunately"" (revisit in person) Carlo = owner",NA,NA,NA,NA,-104.9935147,39.7463664,"825 16th st mall, denver, co 80202, usa",2
Parlor Doughnuts,"95 Lincoln St Denver, CO 80203",Eddy,Y,call,24-Oct,3,NA,A,1,donut shop,3038628904,Dan,Employee,NA,Sean,Owner,CO0028@parlordoughnuts.com,1,spoke to sean and john on the phone at length and sounds like they're interested! Running it by their franchise owner and will get back to us,NA,NA,NA,NA,-104.986462,39.718208,"95 lincoln st, denver, co 80203, usa",3
Park Burger RiNo,"2615 Walnut St Denver, CO 80205",Jack,Y,email,19-Oct,2,NA,B,2,fast casual MTO,n/a,marisa,assistant general manager,mfoley@gastamogroup.com,idk,n/a,n/a,1,Have orders that aren't picked up from 3rd party delivery apps,NA,NA,NA,NA,-104.9861768,39.7596633,"2615 walnut st, denver, co 80205, usa",2
Pandemic Donuts,"2962 Welton St Denver, CO 80205",Eddy,Y,email,23-Oct,3,NA,A,1,donut shop,NA,NA,NA,NA,Michael,owner,michael@pandemicdonuts.com,NA,Michael & wife started pandemic donuts,NA,NA,NA,NA,-104.9744025,39.7573538,"2962 welton st, denver, co 80205, usa",2
Ti Cafe,"30 N Broadway Denver, CO 80203",Luke,Y,Email,17-Oct,2,NA,A,1,cafe,NA,Shominic,Employee,NA,NA,Ownder,ti.cafeofficial@gmail.com,NA,"Loves Idea. Owner not there. Sent email, waiting on response.",NA,NA,NA,NA,-104.987177,39.7172627,"30 n broadway, denver, co 80203, usa",3
Lula Rose,"3434 E Colfax Ave, Denver, CO 80206-1802",Eddy,Y,email,23-Oct,2,NA,A,1,cafe,NA,Andrew,manager,andrewnorma@gmail.com,NA,NA,NA,NA,have surplus burritos and pastries / seemed  down / Local owners that also own good break bake shop,NA,NA,NA,NA,-104.9464123,39.7398867,"3434 e colfax ave, denver, co 80206, usa",3
Bakery Four,"3350 Brighton Blvd 140 Denver, CO 80216",Eddy,Y,instagram,19-Oct,2,NA,A,1,Bakery,NA,Shawn,Founder,Shawn@bakeryfour.com,NA,NA,NA,1,Shawn is a great guy who knew about TGTG but didn't join bc their marketing was weak / has 30-40 items in surplus everyday / said to DM on instagram / opening another location,NA,NA,NA,NA,-104.9796081,39.76863609999999,"3350 brighton blvd #140, denver, co 80216, usa",2
Baked N' Denver,"1301 S Broadway Denver, CO 80210",Luke,Y,In Person,18-Oct,2,October 23rd,A,1,Bakery,303.777.9361,Hakim,NA,NA,Hakim or Juan?,NA,donutsdenver@gmail.com,1,"Hakim or Juan (owner) is ready to set up on monday! (11 am) / Wasn't there on monday / Called tuesday: they knew who it was, told me he'll be calling me.",NA,NA,NA,NA,-104.9877948,39.6928588,"1301 s broadway, denver, co 80210, usa",5
Novo Coffee,"1600 Glenarm Pl Denver, CO 80202",Eddy,Y,email,23-Oct,3,NA,A,1,cafe,NA,Chris,Gilpin manager,gilpin@novocoffee.com,Heather,retail manager,retail@novocoffee.com,4,"4 locations, looking for a solution :) / #4 when calling gilpin",NA,NA,NA,NA,-104.9900451,39.7439075,"1600 glenarm place, 1600 glenarm pl, denver, co 80202, usa",2
under the umbrella,"3507 E 12th Ave Denver, CO 80206",Eddy,Y,call,25-Oct,3,NA,A,1,bakery,NA,Bekah,manager,NA,Jill,owner,utucafe@gmail.com,1,"talekd to becka, seems interested / jill asked for email",NA,NA,NA,NA,-104.9458652,39.7352599,"3507 e 12th ave, denver, co 80206, usa",3
Thump Coffee,"1201 E 13th Ave Denver, CO 80218",Eddy,Y,email,24-Oct,2,NA,A,1,cafe,NA,Paige,employee,NA,Andy,NA,andy@thumpcoffee.com,NA,they have surplus and don't have a solution - the employee was all about it,NA,NA,NA,NA,-104.9728066,39.7370362,"1201 e 13th ave, denver, co 80218, usa",3
Vital Root,"3915 Tennyson St Denver, CO 80212",Eddy,Y,email,24-Oct,2,NA,A,1,grab n' go,603-454-4757 (S),Sarah,Assistant GM,vitalroot.sarah@ediblebeats.com / vitalroot.kyle@ediblebeats.com,Aidan,Operations,aidan@ediblebeats.com,3,"Sarah said they have a use case and would be interested, CC Kyle the executive chef and Aidan who would spearhead this partnership / they are under a company called edible beats / talked to madison the employee as well",NA,NA,NA,NA,-105.0443032,39.7714113,"3915 tennyson st, denver, co 80212, usa",4
Voodoo Doughnut (Colfax),"1520 E Colfax Ave Denver, CO 80218",Eddy,Y,email,23-Oct,3,NA,A,1,Donut shop,720-397-9847,Nate,GM,nate@voodoodoughnut.com,NA,NA,NA,NA,interested - they try to sell day olds in a bag already,NA,NA,NA,NA,-104.9692217,39.7398111,"1520 e colfax ave, denver, co 80218, usa",3
Le Bakery,"300 E 6th Ave Denver, CO 80203",Luke,Y,Email,18-Oct,2,NA,A,1,Bakery,3037775151,John,Owner or manager,NA,Also john,NA,lebakerysensual@gmail.com,NA,talked to John (owner) loves idea. Wants an email with more information / waiting on response,NA,NA,NA,NA,-104.9831301,39.7253822,"300 e 6th ave, denver, co 80203, usa",3
Gateaux pastries,"1160 N Speer Blvd Denver, CO 80204",Luke,Y,Email,19-Oct,2,NA,A,1,Bakery,NA,Michelle,Owner,NA,NA,NA,info@gateauxpastries.com,1,Michelle (owner) said it might be =better at the new location. Wants email with more info. They do theoir own version of goodie bags in store.,NA,NA,NA,NA,-104.9939005,39.7347562,"1160 n speer blvd, denver, co 80204, usa",3
Tumble Haus,"1330 W 38th St Denver, CO 80211",Jack,Y,email,24-Oct,2,NA,A,1,Cafe,(720) 379-3470,Yon,Owner,yon@tumblehaus.com,Yon,Owner,yon@tumblehaus.com,1,Spoke w yonStoked on goodiebag and he could use it/revamping website & menu/will get set up before our launch/told him we can get him setup in 15mins and he doesn't need his menu set beforehand,NA,NA,NA,NA,-105.0027349,39.7690848,"1330 w 38th ave, denver, co 80211, usa",4
DP Dough,"1228 E Colfax Ave Denver, CO 80218",Eddy,Y,email,24-Oct,2,NA,B,1,Fast casual MTO,NA,Colin,employee,NA,Chris Albert,GM,dpdoughdenver@gmail.com,NA,"email Chris ""Attention: Chris Albert""",NA,NA,NA,NA,-104.9711835,39.7397239,"rosenstock place, 1228 e colfax ave, denver, co 80218, usa",3
Detour Bakery,"1479 S Holly St Denver, CO 80222",NA,Y,NA,NA,NA,NA,NA,NA,Bakery,(303) 756-2020,NA,NA,NA,NA,NA,daniel@detourbakery.com,NA,"""Some days we do donate them... to our employees, and other local bsuienss employees""",NA,NA,NA,NA,-104.9224841,39.6896408,"1479 s holly st, denver, co 80222, usa",5
Izzio Bakery Central Market,"2669 Larimer St Denver, CO 80205",Eddy,Y,email,23-Oct,2,NA,A,2,Bakery,(720)-231-1986 (S?),Lindsey,Denver Central Market Manager,lkuchcinski@izziobakery.com,NA,NA,NA,2+,"They don't sell day olds bc of brand risk, ""something we don't do"" - would have to convince the founder / also talked to Edmundo the employee",NA,NA,NA,NA,-104.9846591,39.7593414,"2669 larimer st, denver, co 80205, usa",2
La Fillette Bakery,"6217 E 14th Ave Denver, CO 80220",NA,Y,NA,NA,NA,NA,NA,NA,Bakery,303.355.0022,NA,NA,NA,NA,NA,NA,NA,"""If we do have excess at the end of the day we try to pass them around to staff""",NA,NA,NA,NA,-104.9155669,39.738764,"6217 e 14th ave, denver, co 80220, usa",3
Lo Dough Bakery,"1850 Wazee St 150 Denver, CO 80202",NA,N,NA,NA,NA,NA,NA,NA,Bakery,NA,NA,NA,NA,NA,NA,orders@lodoughbakery.com,NA,TGTG Partner,NA,NA,NA,NA,-104.9962233,39.7535655,"1850 wazee st #150, denver, co 80202, usa",2
Tokyo Premium Bakery,"1540 S Pearl St Denver, CO 80210",Luke,Y,In person,18-Oct,2,NA,A,2,Bakery,720-531-3784,Kate,Employee,NA,Unkowkn,Owners,NA,1,"""No we do not donate unfortunately"" - Talked to Kate - passig info along (owners are traditional japanese, concerned with freshness of products",NA,NA,NA,NA,-104.9802089,39.6886115,"1540 s pearl st, denver, co 80210, usa",5
Reunion Bakery,"3350 Brighton Blvd 140 Denver, CO 80216",Eddy,Y,email,19-Oct,2,NA,A,2,Bakery,(720)6209336,Alex,manager,NA,Ishmael,Owners,reunionbreadwholesale@gmail.com,1,Have surplus and no solution / Alex said they do a good job of limiting waste thru selling to their retail locations,NA,NA,NA,NA,-104.9796081,39.76863609999999,"3350 brighton blvd #140, denver, co 80216, usa",2
Ban Hand Butter,"9935 E Colfax Ave Aurora, CO 80110",NA,N,NA,NA,NA,NA,NA,NA,Bakery,(720) 513-9313,NA,NA,NA,NA,NA,NA,NA,NA,NA,NA,NA,NA,-104.8724843,39.7404342,"9935 e colfax ave, aurora, co 80010, usa",3
Lamar's Donuts,"990 W 6th Ave Denver, CO 80204",NA,N,NA,NA,NA,NA,NA,NA,Bakery,NA,NA,NA,NA,NA,NA,NA,NA,"stephanie, employees take it home - they make extra if they know it's gonna be donated / no consistent donation partner",NA,NA,NA,NA,-104.9994482,39.7254991,"990 w 6th ave, denver, co 80204, usa",3
Mermaid's Bakery,"1543 Champa St Denver, CO 80202",NA,N,NA,NA,NA,NA,NA,NA,Bakery,(303) 534-0956,NA,NA,NA,NA,NA,NA,NA,"diana = boss, jack = employee / caked MTO, cupcakes surplus on slow days (/tuesday)",NA,NA,NA,NA,-104.994701,39.7463658,"1543 champa st, denver, co 80202, usa",2
Wooden Spoon,"2418 W 32nd Ave Denver, CO 80211",Eddy,Y,in-person,19-Oct,1,NA,A,2,Bakery,303-999-0327,James,manager,NA,NA,NA,NA,1,James said he eats their surplus and brings it to the other places he works at / said he would look thru the website and reach out if they were interested / maybe something they'd do in the new year,NA,NA,NA,NA,-105.016402,39.7619035,"2418 w 32nd ave, denver, co 80211, usa",4
Petunia Bakeshop,"3000 W 23rd Ave Denver, CO 80211",NA,Y,NA,NA,NA,NA,A,3,Bakery,(720) 536-5007,NA,NA,NA,NA,NA,petuniabakeshop@outlook.com,NA,donates to local church,NA,NA,NA,NA,-105.0254923,39.7510274,"3000 w 23rd ave, denver, co 80211, usa",2
Omonoia Bakery (No Website),"2813 E Colfax Ave Denver, CO 80206",Eddy,Y,In Person,18-Oct,1,NA,A,2,Bakery,(303) 394-9333,Diamond,Mananger,720-394-0161,Paulina,Owner,NA,1,donates sunday night bc closed . businsess is slow / Talked to diamond the manager and have her number,"Talked to sesme? Owner is Paulina, will be in On wednesday/ call back certian days",NA,NA,NA,-104.9543771,39.7404223,"2813 e colfax ave, denver, co 80206, usa",3
Miss Mollys Bakery,"2600 E Colfax Ave Denver, CO 80206",Eddy,Y,email,23-Oct,4,NA,A,2,Bakery,303-268-1222 (C)?,Georgio,Assistant,NA,Shane,GM/owner?,shane@missmollysbakery.com,1,something we have been looking into / shane saw my email and said to coordinate a meeting thru there / Georgio said they have surplus,NA,NA,NA,NA,-104.9558151,39.7399807,"2600 e colfax ave, denver, co 80206, usa",3
my favorite muffin (16th mall),"1750 16th Street Mall Denver, CO 80202",Eddy,Y,call,19-Oct,2,NA,A,2,Bakery,(303) 623-0060,Kim,employee,NA,Paul,Owner,NA,1,"talked to kim - paul = owner, franchise model",NA,NA,NA,NA,-105.0014458,39.752047,"1750 16th st mall, denver, co 80202, usa",2
City Bakery,"5454 Washington St Denver, CO 80216",NA,N,NA,NA,NA,NA,NA,NA,Bakery,1 303 292 3989,NA,NA,NA,NA,NA,NA,NA,NA,NA,NA,NA,NA,-104.9774933,39.7965307,"5454 washington st, denver, co 80216, usa",4
Devils food bakery,"1020 S Gaylord St Denver, CO 80209",Luke,Y,In person,19-Oct,2,NA,A,2,Bakery,303.777.9555,"Don't remember physical visit,",but jacob for phone call,NA,NA,NA,NA,NA,"Jacob - Manager ""I think we donate to a foodbank? I don't know I'm not here that late.""",NA,NA,NA,NA,-104.9615749,39.698032,"1020 s gaylord st, denver, co 80209, usa",5
Olive and Finch,"1552 E 17th Ave Denver, CO 80218",Eddy,Y,call,23-Oct,3,NA,A,2,cafe,303.832.8663,Jonda,General Manager,NA,Mary Nyugen,Owner,NA,2+,Danny said they do have surplus and they don't donate (giving information to her manager) / left my name and # several times via phone / #4,Talked to Joda (GM) while viisting in person.,NA,NA,NA,-104.9689559,39.7430907,"1552 e 17th ave, denver, co 80218, usa",3
House and Bread,"2020 S Parker Rd Denver, CO 80231",NA,N,NA,NA,NA,NA,NA,NA,Bakery,(720) 727-0000,NA,NA,NA,NA,NA,info@houseofbreadinc.com,NA,"Actively looking for places to donate! Patrina (or catrina?) said to email them! / very east near Aurora, not ideal for launch",NA,NA,NA,NA,-104.8757911,39.6796044,"2020 s parker rd, denver, co 80231, usa",5
Taste of Denmark,"1901 S Kipling St Lakewood, CO 80227",NA,N,NA,NA,NA,NA,NA,NA,Bakery,(303) 987-8283,NA,NA,NA,NA,NA,NA,NA,NA,NA,NA,NA,NA,-105.1102566,39.68180419999999,"1901 s kipling st, lakewood, co 80227, usa",5
Rebel Bread,"675 S Broadway Denver, CO 80209",NA,N,NA,NA,NA,NA,NA,NA,Bakery,NA,NA,NA,NA,NA,NA,NA,NA,NA,NA,NA,NA,NA,-104.9885662,39.7048301,"675 s broadway, denver, co 80209, usa",5
Owlette Bakery,"1530 16th St. Denver, CO 80202",NA,N,NA,NA,NA,NA,NA,NA,Bakery,NA,NA,NA,NA,NA,NA,NA,NA,"donates everyday, has about a tray a week",NA,NA,NA,NA,-104.9999828,39.7509317,"1530 16th st mall, denver, co 80202, usa",2
kolache house bakery,"8840 W Colfax Ave Lakewood, CO 80215",NA,N,NA,NA,NA,NA,NA,NA,NA,NA,NA,NA,NA,NA,NA,NA,NA,NA,NA,NA,NA,NA,-105.0972774,39.7398382,"8840 w colfax ave, lakewood, co 80215, usa",4
Whittier Cafe,"1710 E 25th Ave Denver, CO 80205",NA,N,NA,NA,NA,NA,NA,NA,cafe,(720) 550-7440,NA,NA,NA,NA,NA,NA,NA,No danotions. Wasted bread for our paninis. Millece (owner) Talked to employee (shea),NA,NA,NA,NA,-104.9668788,39.7530276,"1710 e 25th ave, denver, co 80205, usa",2
Roostercat Coffee House,"1045 Lincoln St Denver, CO 80203",Luke,Y,Email,17-Oct,2,NA,A,2,cafe,(720) 388-0356,Logan,Food manager,NA,JJ,Owner,roostercat@gmail.com,1,x,NA,NA,NA,NA,-104.9864848,39.7329559,"1045 lincoln st, denver, co 80203, usa",3
The Bardo,"238 S Broadway Denver, CO 80209",NA,N,NA,NA,NA,NA,NA,NA,cafe,(303) 629-8331,NA,NA,NA,NA,NA,NA,NA,NA,NA,NA,NA,NA,-104.987238,39.7123148,"238 s broadway, denver, co 80209, usa",3
Blue Sparrow Coffe,"3070 Blake St Denver, CO 80205",Luke,Y,In Person,17-Oct,2,NA,A,2,cafe,(720) 615-1516,?,NA,NA,NA,NA,manager@bluesparrowcoffee.com,NA,Visited Platte st location and employee gave Daniels phone number (7204480211) Waiting on email back from management,NA,NA,NA,NA,-104.9810503,39.7640929,"3070 blake st, denver, co 80205, usa",2
Copper Door Coffe Roaster,"1085 York St Denver Botanic Gardens Denver, CO 80206",NA,N,NA,NA,NA,NA,NA,NA,cafe,NA,NA,NA,NA,NA,NA,NA,NA,NA,NA,NA,NA,NA,-104.9601928,39.7330312,"1085 york st, denver, co 80206, usa",3
Corvus (south broadway),"1740 S Broadway Denver, CO 80210",Eddy,Y,email,23-Oct,2,NA,A,2,cafe,(303) 715-1740,Jenna,employee,NA,Phil,Owner,info@corvuscoffee.com,4,"Has surplus, doesn't donate",NA,NA,NA,NA,-104.98723,39.68495800000001,"1740 s broadway, denver, co 80210, usa",5
Dandy Lion Coffe,"5225 E 38th Denver, CO 80207",NA,N,NA,NA,NA,NA,NA,NA,cafe,NA,NA,NA,NA,NA,NA,dandylioncoffee@gmail.com,NA,NA,NA,NA,NA,NA,-104.9264824,39.7694043,"5225 e 38th ave, denver, co 80207, usa",2
Huckleberry Roasters,"4301 Pecos St Denver, CO 80211",NA,N,NA,NA,NA,NA,NA,NA,cafe,(866) 558-2201,NA,NA,NA,NA,NA,info@huckleberryroasters.com,NA,NA,NA,NA,NA,NA,-105.006752,39.7754821,"4301 n pecos st, denver, co 80211, usa",4
Jubilee Roasting Co.,"1075 Park Ave W Denver, CO 80205",NA,N,NA,NA,NA,NA,NA,NA,cafe,NA,NA,NA,NA,NA,NA,NA,NA,NA,NA,NA,NA,NA,-104.9867683,39.75442049999999,"1075 park ave w, denver, co 80205, usa",2
Lekker,"3460 Larimer St Denver, CO 80205",Eddy,Y,in-person,18-Oct,1,NA,B,2,cafe,(720) 833-1423,Tara,employee,NA,Kara,Owner,lekkercoffeerino@gmail.com,1,They has some premade pastries and burritos but said very little to no surplus,NA,NA,NA,NA,-104.9748554,39.7665057,"3460 larimer st, denver, co 80205, usa",2
Pablo's Coffee,"1300 Pennsylvania St Denver, CO 80203",Luke,Y,in person,18-Oct,1,NA,A,2,cafe,303) 744-3323,Forget for physical visit,NA,NA,NA,NA,Shop@pabloscoffee.com,NA,We don't really gice out food on weekends. We don't work with anyone (email mark - talked with aaron)Email shop,NA,NA,NA,NA,-104.9806122,39.737084,"1300 pennsylvania st, denver, co 80203, usa",3
Quince Coffee Shop,"1447 Quince St Denver, CO 80220",NA,N,NA,NA,NA,NA,NA,NA,cafe,(303) 955-2479,NA,NA,NA,NA,NA,NA,NA,TBH... we don't donate (nothign really goes to waste) Revisit in person,NA,NA,NA,NA,-104.9026362,39.7395661,"1447 quince st, denver, co 80220, usa",3
Little finch,"1490 16th St Denver, CO 80202",Eddy,Y,in-person,18-Oct,1,NA,A,2,cafe,NA,Mary,employee,NA,NA,NA,NA,NA,talked to mary the employee - same owner of Olive and FInch,NA,NA,NA,NA,-104.9991273,39.750343,"1490 16th st mall, denver, co 80202, usa",2
Huckle Berry (milk Market),"1800 Wazee St Denver, CO 80202",Luke,Y,Email,17-Oct,2,NA,A,2,cafe,NA,Collin,Employee,NA,Odalis,Manager,027ibarra@gmail.com,4,Collin gave Odali's (GM) email,NA,NA,NA,NA,-104.9968463,39.7532096,"1800 wazee st, denver, co 80202, usa",2
Metropolis Coffee,"300 W 11th Ave Denver, CO 80204",Luke,Y,Tetx box submission,17-Oct,2,NA,A,2,cafe,3035637021,Megan,Employee,NA,Brock,owner,NA (text box on website),4,Sent text box submission adressed to Brock through website as directed. (talked to Megan),NA,NA,NA,NA,-104.9918834,39.7335865,"300 w 11th ave, denver, co 80204, usa",3
Moxie,"70 Broadway Denver, CO 80203",Luke,Y,In person,18-Oct,1,NA,A,2,cafe,(303) 524-9236,Marco,Employee,NA,NA,NA,NA,NA,Talked to Marco (employee) while owner wasn't there. Passing it on to owner. Wasn't aloud to give out contact.,NA,NA,NA,NA,-104.987101,39.7178876,"70 broadway, denver, co 80203, usa",3
Wonder,"1540 Platte St Denver, CO 80202",Luke,Y,In person,18-Oct,2,NA,B,2,cafe,NA,Mckenna,Employee,NA,kayla,Manager,platte@wonderpress.co,NA,"Talked to Mckenna, passing it on the Kayla. Interested and has 33% OFF shelf.",NA,NA,NA,NA,-105.0086894,39.7565976,"1540 platte st, denver, co 80202, usa",2
Mutiny,"2 S Broadway Denver, CO 80209",Luke,Y,In person,18-Oct,1,NA,A,3,cafe,NA,NA,NA,NA,NA,NA,NA,NA,Don't go there,NA,NA,NA,NA,-104.9871436,39.71641779999999,"2 s broadway, denver, co 80209, usa",3
Crema,"2862 Larimer St Denver, CO 80205",Luke,Y,Email,17-Oct,2,NA,A,2,cafe,NA,Jack,Employee,NA,Wyett,Manager,cremawholesale@gmail.com,1,Talked to Jack - sent manager (wyett) email,NA,NA,NA,NA,-104.9817151,39.7611263,"2862 larimer st, denver, co 80205, usa",2
Yours truly cupcake,"3563 Larimer St Denver, CO 80205",Eddy,Y,phone,23-Oct,3,NA,A,2,Bakery,303-638-3528,Chloe,employee,NA,Lisa,GM,lisa@yourstrulycupcake.com,1,"Tiffany = owner, spoke to chloe",NA,NA,NA,NA,-104.9736208,39.7679293,"3563 larimer st, denver, co 80205, usa",2
Atomic Provisions (pizza),"141 S Broadway, Denver, CO 802",Luke,Y,Email,17-Oct,2,NA,A,2 (corporate),Pizza,NA,Sky,Employee,NA,Jeremy,manager,"jeremy.gable@atomicprovisions.com,",2?,"Talked to Sky, told to email Jeremy (GM) / responded saying we need ot talk to corporate about it",NA,NA,NA,NA,-104.9877857,39.7137398,"141 s broadway, denver, co 80209, usa",3
Pie Hole,"44 S Broadway Denver, CO 80209",Luke,Y,Call,19-Oct,2,NA,A,2,Pizza,NA,Trevor,Employee,NA,CJ,Manager,need to catch him on a call,NA,"Talked to Trevor, passing it along to CJ - (call on thursday and askf or CJ) --- call monday",NA,NA,NA,NA,-104.9871592,39.7157156,"44 s broadway, denver, co 80209, usa",3
The Bardo,"238 S Broadway Denver, CO 80209",Luke,Y,In person,18-Oct,2,NA,A,2,cafe,NA,?,NA,NA,NA,NA,NA,NA,"Talked to employee, passing it along. (owner is reachable at HERE) / Did the text box submission, waiting on response",NA,NA,NA,NA,-104.987238,39.7123148,"238 s broadway, denver, co 80209, usa",3
Devils food bakery,"1020 S Gaylord St Denver, CO 80209",Luke,Y,In person,18-Oct,NA,NA,NA,NA,NA,NA,?,NA,NA,NA,NA,NA,NA,NA,NA,NA,NA,NA,-104.9615749,39.698032,"1020 s gaylord st, denver, co 80209, usa",5
Steam Espresso Bar,"1801 S Pearl St Denver, CO 80210",Luke,Y,Email,18-Oct,2,NA,A,2,cafe,NA,Kylie,Employee,NA,Hani,Owner?,hani@steamespressobar.com,NA,Talked to Kylie (manager)- passing info along to onwer. Something they've been looking for! / waiting for email response,NA,NA,NA,NA,-104.980711,39.683855200000004,"1801 s pearl st, denver, co 80210, usa",5
Gates and Grog,"1875 S Pearl St Denver, CO 80210",Luke,Y,In person,18-Oct,NA,NA,NA,NA,Deli,NA,Victor,Head chef,NA,NA,NA,NA,NA,Victor (head chef) said they'd only use it once a week but wanted a card.,NA,NA,NA,NA,-104.9808023,39.6825819,"1875 s pearl st, denver, co 80210, usa",5
WashPerk,"853 E Ohio Ave Denver, CO 80209",Jack,Y,email,18-Oct,2,NA,B,2,cafe,n/a,n/a,cashier,NA,n/a,n/a,washperk@gmail.com,1,"Manager wasn't in, gave email to me",NA,NA,NA,NA,-104.9771195,39.7022232,"853 e ohio ave, denver, co 80209, usa",5
Happy bake shop,"3621 W 32nd Ave Denver, CO 80211",NA,N,NA,NA,NA,NA,NA,NA,NA,NA,NA,NA,NA,NA,NA,NA,NA,NA,NA,NA,NA,NA,-105.0351257,39.7623126,"3621 w 32nd ave, denver, co 80211, usa",4
Daboba,"1920 17th St Denver, CO 80202",NA,Y,NA,NA,NA,NA,NA,NA,cafe,NA,NA,NA,NA,NA,NA,NA,NA,Doesn't do food,NA,NA,NA,NA,-105.0021415,39.7540868,"1920 17th st, denver, co 80202, usa",2
Penelope's Cafe,"1801 Blake St Free Market Denver, CO 80202",Luke,Y,In person,18-Oct,2,NA,B,2,cafe,NA,Matt,NA,NA,NA,NA,NA,NA,"Talked to Matt who said they're trying to get on too good to go. Passing info along. Email wouldnt hurt /Emailed them, waiting for response",NA,NA,NA,NA,-104.9968503,39.7527739,"1801 blake st, denver, co 80202, usa",2
Fluid Coffee,"501 E 19th Ave Denver, CO 80203",Luke,Y,In person,19-Oct,2,NA,B,2,cafe,NA,Jackie,Employee,NA,Jeff,Owner,info@fluidcoffeebar.com,2,"Talked to Jackie, (was told to email them adresesd to Jeff the owner) /Eailed, waiitng on response",NA,NA,NA,NA,-104.9809495,39.7463246,"501 e 19th ave, denver, co 80203, usa",2
Slackline Coffee,"1139 20th St Denver, CO 80202",Luke,Y,In person,19-Oct,2,NA,B,2,cafe,NA,Forgot,NA,NA,Chad Bratt,Owner,chad.bratt@jaggedbrewery.com,NA,Was told to email owner. Forgot name of employee,NA,NA,NA,NA,-104.9913841,39.75226,"1139 20th st, denver, co 80202, usa",2
Corner Bakery,"500 16th St Mall Denver, CO 80202",Luke,Y,In person,19-Oct,1,NA,A,2,cafe,NA,Herma,Employee,NA,NA,NA,NA,3,Talked to Herma. Not allowed ot give out info. Was told ot call or visit another day.,NA,NA,NA,NA,-104.9904559,39.7434991,"500 16th st mall, denver, co 80202, usa",2
Il Posto,"2601 Larimer St Denver, CO 80205",Jack,Y,email,19-Oct,2,NA,B,2,fast casual MTO,NA,bartender,manager on duty,NA,NA,NA,tyler@ilpostodenver.com,1,NA,NA,NA,NA,NA,-104.9852964,39.7588525,"2601 larimer st, denver, co 80205, usa",2
Stow Away Cafe Denver,"2528 Walnut St Denver, CO 80205",Jack,Y,email,19-Oct,2,NA,B,2,Cafe,NA,NA,owner,stowawaycafedenver@gmail.com,NA,NA,NA,NA,gives food away to shelters but intested anyway,NA,NA,NA,NA,-104.9865533,39.7585606,"2528 walnut st, denver, co 80205, usa",2
Silce works colfax,"700 E Colfax Ave Denver, CO 80203",Eddy,Y,email,23-Oct,2,NA,A,2,pizzeria RM,(303) 993-8127,Lou Scileppi,Owner,NA,NA,NA,louscileppi@comcast.net,4,Has surplus and can't legally donate - Lou owns all locations,NA,NA,NA,NA,-104.9785793,39.7398368,"700 e colfax ave, denver, co 80203, usa",3
Slice works LODO,"1433 17th St Denver, CO 80202",NA,Y,NA,NA,NA,NA,NA,NA,Pizza,(303) 297-3464,NA,NA,NA,NA,NA,zakc@sliceworkspizza.com,NA,Talked to Dave -,Zak Cannata (owner),860-805-9737,NA,NA,-104.9975539,39.7514038,"1433 17th st, denver, co 80202, usa",2
Slices Pizza,"7155 E Hampden Ave, Denver, CO 80224-3050",NA,Y,NA,NA,NA,NA,NA,NA,Pizza,(303) 758-0940,NA,NA,NA,NA,NA,NA,NA,"Bag em and freeze em and sell them the next day for a $1.50 (""we sell everything"")",NA,NA,NA,NA,-104.9053268,39.6536487,"7155 e hampden ave, denver, co 80224, usa",5
Redeemer,"2705 Larimer St Denver, CO 80205",Luke,Y,Email,18-Oct,2,NA,A,2,Pizza,(720) 780-1379,Brandon and Brett,Both Employees,NA,Chad,Owner,had@diomiopasta.com,NA,"Brandon. INTERESTED!!! Owner will be calling. ""if they don't call, please try again""","Went in Monday, talked to Brett who said to email Chad (GM)/ awatiting response",NA,NA,NA,-104.984096,39.759777,"2705 larimer st, denver, co 80205, usa",2
Sexy Pizza,"1579 S Pearl St Denver, CO 80210",NA,Y,NA,NA,NA,NA,NA,NA,Pizza,(303) 777-5878,NA,NA,NA,NA,NA,NA,NA,We trash it. Jessie (employee) loves the idea and said to email Marketing@sexy.pizza,NA,NA,NA,NA,-104.9806854,39.6879125,"1579 s pearl st, denver, co 80210, usa",5
Blue Pan Pizza,"3509 E 12th Ave Denver, CO 80206",Eddy,Y,in-person,19-Oct,1,NA,B,3,Pizza,(720) 519-0944,Colin,employee,NA,Grace,GM,grace@bluepandenver.com,2,doesn't seem to have much surplus,NA,NA,NA,NA,-104.9457811,39.7353563,"3509 e 12th ave, denver, co 80206, usa",3
Famous Original J's,"715 E 26th Ave Denver, CO 80205",Eddy,Y,NA,NA,NA,NA,NA,NA,Pizza,(720) 420-9102,NA,NA,NA,NA,NA,NA,NA,"""we do have extra slices that we try to give to a couple homeless that come by sometimes"" (intersted in another solution)",NA,NA,NA,NA,-104.9775559,39.7548073,"715 e 26th ave, denver, co 80205, usa",2
Mora,"911 E Colfax Ave Denver, CO 80218",NA,N,NA,NA,NA,NA,NA,NA,Pizza,(786) 483-4212,NA,NA,NA,NA,NA,NA,NA,"""we don't have extra"" (revisit in person?)",NA,NA,NA,NA,-104.9755877,39.7402081,"911 e colfax ave, denver, co 80218, usa",3
Oblio's,"6115 E 22nd Ave Denver, CO 80207",NA,N,NA,NA,NA,NA,NA,NA,Pizza,(303) 321-1511,NA,NA,NA,NA,NA,NA,NA,No pizza by the slice,NA,NA,NA,NA,-104.9170466,39.7494336,"6115 e 22nd ave, denver, co 80207, usa",3
Mellow mushroom,"1201 16th St Denver, CO 80202",Eddy,Y,email,23-Oct,2,NA,B,2,Pizzeria MTO,NA,Michael,GM,denver_gm@mellowmushroom.com,NA,NA,NA,NA,Michael liked it but corporate will have to make the decision,NA,NA,NA,NA,-104.996298,39.7485735,"1201 16th st mall, denver, co 80202, usa",2
Cart Driver,"2239 W 30th Ave, Denver, CO 80211, United States",Jack,Y,email,25-Oct,2,NA,B,2,Pizza MTO,NA,Annabelle,employee,NA,stephen,co-owner,stephen.mcgregor@cart-driver.com,2,Spoke w employee/emailed co-owner stephen,NA,NA,NA,NA,-105.0142589,39.7598083,"2239 w 30th ave, denver, co 80211, usa",4
Giordano's,"1600 California St Denver, CO 80202",Eddy,Y,email,23-Oct,3,NA,B,2,Pizzeria MTO,NA,Madison,employee,NA,Peter,Director of Ops,mmedina@giordanosco.com / ppraisilik@giordanosco.com,NA,Peter = Director of operations who would make the decision. A lot of no-show pickup orders,NA,NA,NA,NA,-104.991597,39.7451995,"1600 california st, denver, co 80202, usa",2
Fox and the Hen,"2257 West 32nd Ave Denver, CO 80211",Jack,Y,NA,NA,NA,NA,NA,NA,Pizza,NA,Zak & Carrie,NA,NA,NA,NA,zak@foxandthehen.com & carrier@foxandthehen.com,NA,"Spoke w employee/owner? and she advised I reach out to the chefs, Zak & Carrie",NA,NA,NA,NA,-105.0142159,39.7622381,"2257 w 32nd ave, denver, co 80211, usa",4
Afterburners Calzones,"32 N Broadway Denver, CO 80203",Luke,Y,NA,NA,NA,NA,NA,NA,Pizza,NA,NA,NA,NA,NA,NA,NA,NA,"No surplus, although kate is talking to owners who own other spots",NA,NA,NA,NA,-104.987325,39.7174059,"32 n broadway, denver, co 80203, usa",3
Improper City,"3201 Walnut St Denver, CO 80205",Jack,Y,email,20-Oct,2,NA,B,2,cafe,NA,n/a,manager,info@impropercity.com,NA,NA,NA,NA,needs to speak w kitchen to see if its something they want to do,NA,NA,NA,NA,-104.9787712,39.7653517,"3201 walnut st, denver, co 80205, usa",2
Chopstickers,"1617A California St Denver, CO 80202",Jack,Y,In person,21-Oct,1,NA,B,2,Noodle shop,NA,Abraham,Owner,zhijian909@gmail.com,Abraham,NA,NA,NA,New restaurant\not much food waste,NA,NA,NA,NA,-104.9919004,39.7455708,"1617a california st, denver, co 80202, usa",2
Super fruit republic,"1776 N Broadway Denver, CO 80202",Jack,Y,In person,21-Oct,1,NA,A,NA,Health foods,NA,NA,NA,NA,NA,NA,NA,3,Manager not in/employee didn't have contact info/left ours & will return,NA,NA,NA,NA,-104.9870534,39.744751,"1776 n broadway, denver, co 80290, usa",2
Fresh farm market,"2401 Larimer St Denver, CO 80205",NA,N,NA,NA,NA,NA,NA,NA,NA,NA,NA,NA,NA,NA,NA,NA,NA,NA,NA,NA,NA,NA,-104.9879596,39.7571044,"2401 larimer st, denver, co 80205, usa",2
Benny Blanco's Slice of the Bronx,"616 E 13th Ave Denver, CO 80203",Eddy & Luke,Y,in-person,19-Oct,1,NA,A,2,pizzeria RM,NA,Zek,manager (stepson of owner),NA,NA,NA,NA,NA,"Mike is the owner, he will be in 11-3pm on mon,tues,thurs,fri / have surplus slices",NA,NA,NA,NA,-104.9793874,39.7367449,"616 e 13th ave, denver, co 80203, usa",3
Cart Driver,"2500 Larimer St, Denver, CO 80205-2275",Luke,Y,in person,18-Oct,1,NA,NA,NA,pizza,NA,NA,NA,NA,NA,NA,NA,NA,Pizza by the pie - No surplus,NA,NA,NA,NA,-104.9861197,39.7576532,"2500 larimer st, denver, co 80205, usa",2
Hello darling cafe,"1610 Little Raven St, Denver, CO 80202",NA,NA,NA,NA,NA,NA,NA,NA,NA,NA,NA,NA,NA,NA,NA,NA,NA,NA,NA,NA,NA,NA,-105.0046357,39.7551182,"1610 little raven st, denver, co 80202, usa",2
Denver Pizza Compnay,"309 West 11th Avenue, Denver, CO 80204",Luke,Y,NA,NA,NA,NA,NA,NA,NA,NA,NA,NA,NA,NA,NA,NA,2,Pizza by the pie - No surplus,NA,NA,NA,NA,-104.9920474,39.7339986,"309 w 11th ave, denver, co 80204, usa",3
Billy's Hotdogs,"2445 Larimer St Denver, CO 80205",Luke,NA,NA,NA,NA,NA,NA,NA,NA,NA,NA,NA,NA,NA,NA,NA,NA,Talked to manager. Said they wouldn't use it for the amount of surplus they expereicne,NA,NA,NA,NA,-104.987069,39.7574301,"2445 larimer st, denver, co 80205, usa",2
Tuscany coffee and deli,"1600 Stout St Denver, CO 80202",NA,NA,NA,NA,NA,NA,NA,NA,NA,NA,NA,NA,NA,NA,NA,NA,2,NA,NA,NA,NA,NA,-104.99251,39.7457093,"1600 stout st, denver, co 80202, usa",2
Rugby Scott Ranch Provisions,"731 S University Blvd Denver, CO 80209",Jack,Y,email,18-Oct,2,NA,B,2,Wholesale Meats,n/a,tuck,owner,tuck@rugbyscott.com,tuck,owner,tuck@rugbyscott.com,1,"Spoke w both owners. They sell meat nationally, but are open to selling saller things locally to build a presence. Interested, but want to be sure we have a customer base to connect them with.",NA,NA,NA,NA,-104.9595871,39.7031558,"731 s university blvd, denver, co 80209, usa",5
Rio Grande,"1745 Wazee St Denver, CO 80202",Eddy,Y,NA,NA,NA,NA,NA,NA,NA,512-431-8377 (cell),NA,NA,NA,NA,NA,mciani@riograndemexican.com,NA,"Matt Ciani = GM, Crystal = employee",NA,NA,NA,NA,-104.9981245,39.7530412,"1745 wazee st, denver, co 80202, usa",2
Menya Noodle Bar,"951 16th St Denver, CO 80202",Jack,Y,NA,NA,NA,NA,NA,NA,Asian Noodles,NA,Jw Lee,NA,NA,NA,NA,jw@menyagroup.com,2,Two shops in Denver. Spoke w hostess and another employee.,NA,NA,NA,NA,-104.9941532,39.7469916,"951 16th st mall, denver, co 80202, usa",2
Daves Hot Chicken,"99 S Broadway Denver, CO 80209",Jack,Y,NA,NA,NA,NA,NA,NA,Hot Chicken,NA,Manny,NA,NA,NA,NA,mannyg@daveschicken.com,2,Spoke w employee and she advised I reached out to regional manager manny,NA,NA,NA,NA,-104.9880824,39.7149811,"99 s broadway, denver, co 80209, usa",3
Corner bakery cafe,"717 17th St Denver, CO 80202",NA,NA,NA,NA,NA,NA,NA,NA,NA,NA,NA,NA,NA,NA,NA,NA,3,NA,NA,NA,NA,NA,-104.9914871,39.7468226,"717 17th st, denver, co 80202, usa",2
The Post Chicken & Beer,"1575 Boulder St Denver, CO 80211",Eddy,Y,NA,NA,NA,NA,NA,NA,chx & beer,NA,Case Kazech,NA,NA,NA,NA,case@postchickenandbeer.com,3,"case is the manager, I was given his/her email from an employee when I visited",NA,NA,NA,NA,-105.0109285,39.759241,"1575 boulder st, denver, co 80211, usa",2
Rosenbergs,"725 E 26th Ave Denver, CO 80205",Eddy,Y,email,23-Oct,3,NA,A,2,bagel shop,NA,David,GM,NA,NA,NA,fivepoints@rosenbergsbagels.com,2,"same owner as famous J's, throws out day old bagels / Josh is owner of rosenbergs and loves local",NA,NA,NA,NA,-104.9773677,39.7547989,"725 e 26th ave, denver, co 80205, usa",2
Lechugas,"3609 Tejon St Denver, CO 80211",Jack,Y,NA,NA,NA,NA,NA,NA,italian restaurant,NA,not given,NA,NA,NA,NA,lechugasitalian@icloud.com,2,Employee said I should reach out to the manager.,NA,NA,NA,NA,-105.0114178,39.7670806,"3609 tejon st, denver, co 80211, usa",4
Tacos Uprising,"2849 Welton St Denver, CO 80205",Eddy,Y,email,23-Oct,3,NA,B,2,NA,NA,Samuel,Founder,info@tacouprising.com,NA,NA,NA,NA,"local owner, interested / contacted via website form",NA,NA,NA,NA,-104.9760368,39.7566497,"2849 welton st, denver, co 80205, usa",2
Chook,"1300 S Pearl St Denver, CO 80210",Jack,Y,NA,NA,NA,NA,NA,NA,chicken,NA,not given,NA,NA,NA,NA,info@chook.com,2,Manager wasn't in.,NA,NA,NA,NA,-104.980215,39.6928881,"1300 s pearl st, denver, co 80210, usa",5
Duffeyroll,"1290 S Pearl St Denver, CO 80210",Jack,Y,NA,NA,1,NA,NA,NA,Bakery & Cafe,NA,Christina,NA,NA,NA,NA,christina@duffeyrolls.com,2,they currently give away their surplus to homeless/ppl in need,NA,NA,NA,NA,-104.9801633,39.6931498,"1290 s pearl st, denver, co 80210, usa",5
Lechugas,"3609 Tejon St Denver, CO 80211",Jack,Y,email,18-Oct,2,NA,B,2,fast casual ready made,303-455-1502 (restaurant),idk,cashier,lechugasitalian@icloud.com,idk,idk,NA,NA,ready make pasta,NA,NA,NA,NA,-105.0114178,39.7670806,"3609 tejon st, denver, co 80211, usa",4
Modern market,"900 16th St Denver, CO 80202",Eddy,Y,NA,NA,NA,NA,NA,NA,NA,NA,Tracy = GM,NA,NA,NA,NA,tracy.crandall@modernmarket.com,2,NA,NA,NA,NA,NA,-104.994219,39.7465767,"900 16th st mall, denver, co 80202, usa",2
Hops and Pie,"3920 Tennyson St Denver, CO 80212",Jack,Y,email,20-Oct,2,NA,B,2,Pizza,NA,n/a,shift manager,NA,Leah,owner/operator,leah@hopsandpie.com,1,"pizza, sometimes they have left over pizza",NA,NA,NA,NA,-105.0437324,39.7713884,"3920 tennyson st, denver, co 80212, usa",4
steam espresso bar,"3600 Tejon St Denver, CO 80211",Jack,Y,email,20-Oct,2,NA,B,2,cafe,NA,NA,NA,NA,skylar,owner,skylar@steamespressobar.com,1,NA,NA,NA,NA,NA,-105.0109518,39.7670571,"3600 tejon st, denver, co 80211, usa",4
Ricos Pizza,"2700 E Colfax Ave Denver, CO 80206",NA,NA,NA,NA,NA,NA,NA,NA,NA,NA,Luke - owner,NA,NA,NA,NA,lukeofricos@gmail.com,2,NA,NA,NA,NA,NA,-104.9549174,39.74000270000001,"2700 e colfax ave, denver, co 80206, usa",3
Leroy's bagels,"4432 W 29th Ave Denver, CO 80212",NA,NA,NA,NA,NA,NA,NA,NA,NA,NA,NA,NA,NA,NA,NA,NA,NA,NA,NA,NA,NA,NA,-105.0446685,39.7583361,"4432 w 29th ave, denver, co 80212, usa",4
Osaka Ramen (Sushi-Rama),"2615 Larimer St Denver, CO 80205",Eddy,Y,email,20-Oct,2,NA,A,2,fast casual RM,208-830-6795 (C),Ashley,Manager,mgr.rino@sushi-rama.com,Caitlin,Rino GM,manager@osakaramendenver.com,4,They have RM sushi on conveyer belt and throw out product that can't sell in certain window / talked to ashley / jeff osaka is owner of all 4 locations / caitlin runs Rino,NA,NA,NA,NA,-104.9852473,39.7590215,"2615 larimer st, denver, co 80205, usa",2
The French Press,"3504 E 12th Ave Denver, CO 80206",Eddy,Y,in-person,18-Oct,1,NA,A,2,cafe,303-284-3062 (C),Natalie,employee,NA,Cisco Lopez,Chef/Owner,cisco@myfrenchpress.com,4,Talked to an employee who said they throw out surplus pastries / full kitchen as well / 4 locations,NA,NA,NA,NA,-104.9459002,39.7349669,"3504 e 12th ave, denver, co 80206, usa",3
The Walnut Room,"3131 Walnut St Denver, CO 80205",Jack,Y,email,20-Oct,2,NA,C,3,fast casual MTO,NA,Pierce,GM,pierce@firstdraft.beer\leslie_0@thewalnutroom.com,Jona and Leslie,Owners,N/A,1,Pierce can forward our email to the owners of walnut room to see if they're interested,NA,NA,NA,NA,-104.979821,39.7646231,"3131 walnut st, denver, co 80205, usa",2
Mister Oso,"3163 Larimer St Denver, CO 80205",Eddy,Y,in-person,18-Oct,1,NA,C,3,fast casual MTO,440-552-4965 (C),Sara,employee,NA,Cristina Farmer,GM,cristina@misterosodenver.com,2,Popped in but was busy so didn't chat about Goodie Bag,NA,NA,NA,NA,-104.9784359,39.7642049,"3163 larimer st, denver, co 80205, usa",2
Temper Chocolates,"2669 Larimer St The Central Market Denver, CO 80205",Eddy,Y,in-person,18-Oct,1,NA,B,3,grab n' go,NA,Kaitlin,employee,NA,Mark,Owner,mark@tempercolorado.com,1,They have premade chcolates but have long shelf life and rare surplus,NA,NA,NA,NA,-104.9846129,39.7593608,"2669 larimer st, denver, co 80205, usa",2
SAME Cafe,"2023 E Colfax Ave Denver, CO 80206",Eddy,Y,in-person,18-Oct,1,NA,B,3,fast casual RM,720-530-6853,Maria,employee,NA,Carrie,ED,carrie@soallmayeat.org,1,Non-profit that runs a donation based kitchen - not a likely partner but cool concept and good people to talk to,NA,NA,NA,NA,-104.9626973,39.7401525,"2023 e colfax ave, denver, co 80206, usa",3
Fox Run Cafe,"3550 E Colfax Ave Denver, CO 80206",Eddy,Y,in-person,18-Oct,1,NA,B,3,fast casual RM,720-630-1602 (S),Wes,Assistant GM,NA,Kelsie,Pastry Chef/GM,kelsie@foxruncafe.com,1,they run a tight ship and don't do to-go orders,NA,NA,NA,NA,-104.9455277,39.7398822,"3550 e colfax ave, denver, co 80206, usa",3
Truffle Cheese Shop,"2906 E 6th Ave Denver, CO 80206",Eddy,Y,in-person,19-Oct,1,NA,B,3,grab n' go,303-322-7363,?,NA,NA,Lisa Morris,Owner,info@denvertruffle.com,1,They have packaged product that expires - not sure how often / family onwed & woman led,NA,NA,NA,NA,-104.9530998,39.725429,"2906 e 6th ave, denver, co 80206, usa",3
Steve's snappin Dogs,"3525 E Colfax Ave Denver, CO 80206",Eddy,Y,in-person,18-Oct,1,NA,B,2,fast casual RM,303-912-6515 (C),NA,NA,NA,Steve & Linda Ballas,Owners,slandbinc@msn.com,2,"toss hot dogs every night, no solution / Steve is in everyday but wednesday",NA,NA,NA,NA,-104.9457097,39.7403838,"3525 e colfax ave, denver, co 80206, usa",3
Hayati Mediterranean Grill,"2958 N Downing St Denver, CO 80205",Eddy,Y,in-person,18-Oct,1,NA,A,2,fast casual RM,720-621-8502 (C),Amino,wife of owner,NA,Mohamed,Owner,NA,1,"Amino said to call Mohamed, they have a buffet style service",NA,NA,NA,NA,-104.9730661,39.7592917,"2958 n downing st, denver, co 80205, usa",2
Call your Mother,"1291 N Pearl St Denver, CO 80203",Eddy,Y,in-person,24-Oct,2,NA,A,2,cafe,NA,Colin,employee,suellen@callyourmotherdeli.com,Sue,manager of lohi location,NA,2,"surplus pastries, do donate leftover bagels, still throw out a lot accoridng to emoployee / Daniela & Andrew are couple owners form D.C. / spoke to Sue and she said onwers are very into donating",NA,NA,NA,NA,-104.9798756,39.7366991,"1291 n pearl st, denver, co 80203, usa",3
The pasty Republic,"2615 E 3rd Ave Denver, CO 80206",Eddy,Y,email,24-Oct,2,NA,A,2,fast casual RM,NA,NA,NA,NA,Matt,Owner,pastyrepublic@gmail.com,2,"has $5 day olds in store, owners at cherry creek location",NA,NA,NA,NA,-104.9566251,39.72113520000001,"2615 e 3rd ave, denver, co 80206, usa",3
OnOff Cafe,"2401 W 32nd Ave Denver, CO 80211",Eddy,Y,in-person,24-Oct,2,NA,A,2,cafe,NA,Amanda,employee,NA,Yuni,Owner,NA,1,they sell day olds at a discounted price in store / lucas or alex are managers too / talked to Pam,NA,NA,NA,NA,-105.0160877,39.7622028,"2401 w 32nd ave, denver, co 80211, usa",4
Punch Bowl Social,"65 Broadway Denver, CO 80203",Eddy,N,NA,NA,NA,NA,NA,NA,NA,NA,NA,NA,NA,NA,NA,NA,NA,NA,NA,NA,NA,NA,-104.9879806,39.71792860000001,"65 broadway, denver, co 80203, usa",3
College Inn,"4400 E 8th Ave Denver, CO 80224",Eddy,Y,in-person,19-Oct,1,NA,A,3,fast casual RM,NA,NA,NA,NA,NA,NA,NA,NA,kitchen manager says 2 meals of prepped chicken a night in surplus,NA,NA,NA,NA,-104.9358754,39.7291522,"4400 e 8th ave, denver, co 80220, usa",3
Chook Chicken,"4340 E 8th Ave Denver, CO 80220",Eddy,Y,in-person,19-Oct,1,NA,B,3,fast casual RM,NA,Dan,employeee,NA,Elizabeth,COO,elizabeth@chookchicken.com,1,owners are Alex and Adam,NA,NA,NA,NA,-104.9361937,39.7291192,"4340 e 8th ave, denver, co 80220, usa",3
Frank and Roze,"4097 E 9th Ave Denver, CO 80220",Eddy,Y,in-person,19-Oct,1,NA,A,3,cafe,NA,NA,NA,NA,NA,NA,NA,NA,they donate to a woman's shelter,NA,NA,NA,NA,-104.9396839,39.7312074,"4097 e 9th ave, denver, co 80220, usa",3
Crepes n Crepes,"1222 Madison St Denver, CO 80206",Eddy,Y,in-person,19-Oct,1,NA,B,3,fast casual RM,NA,Daniella,manager,NA,Elina,Owner,NA,NA,"they prep crepes and fridge em, supossedly no surplus",NA,NA,NA,NA,-104.9457856,39.7355494,"1222 madison st, denver, co 80206, usa",3
Good Bread Bake Shop,"1515 Madison St Denver, CO 80206",Eddy,N,NA,NA,0,NA,NA,NA,Bakery,NA,NA,NA,NA,NA,NA,NA,NA,NA,NA,NA,NA,NA,-104.9468764,39.7405264,"1515 madison st, denver, co 80206, usa",3
Mezcal,"3230 E Colfax Ave Denver, CO 80206",Eddy,Y,in-person,19-Oct,1,NA,B,3,Fast casual MTO,NA,Alejandro,manager,NA,Chris,owner,cswank@nipp.com,NA,not much surplus,NA,NA,NA,NA,-104.9487874,39.7399581,"3230 e colfax ave, denver, co 80206, usa",3
Doppio Coffee,"1245 E Colfax Ave Ste 105 Denver, CO 80218",Eddy,Y,email,24-Oct,2,NA,A,2,Cafe,NA,Ocha,employee,NA,Diana,owner,doppiodenver@gmail.com,NA,NA,NA,NA,NA,NA,-104.9710864,39.7404872,"1245 e colfax ave #105, denver, co 80218, usa",3
Zoup eatery,"1550 Court Pl Denver, CO 80202",Eddy,Y,in-person,19-Oct,1,NA,B,3,Fast casual MTO,NA,NA,NA,NA,Tina,GM,NA,NA,employee said no waste,NA,NA,NA,NA,-104.9892235,39.7418106,"1550 court pl, denver, co 80202, usa",2
Lazo Empanadas,"1319 22nd St Denver, CO 80205",Eddy,Y,in-person,19-Oct,1,NA,B,2,fast casual RM,NA,NA,NA,NA,NA,NA,NA,3,said no surplus bc they refridgerate em,NA,NA,NA,NA,-104.990434,39.75521579999999,"1319 22nd st, denver, co 80205, usa",2
Lunch Boxx,"2669 Larimer St Denver, CO 80205",Eddy,Y,in-person,19-Oct,1,NA,B,2,fast casual RM,NA,Meg,NA,NA,Zach,Owner,zach@lunchboxxdenver.com,NA,premade meat and rice,NA,NA,NA,NA,-104.9846591,39.7593414,"2669 larimer st, denver, co 80205, usa",2
Rye Society,"3090 N Larimer St Denver, CO 80205",Eddy,Y,NA,NA,NA,NA,NA,NA,NA,NA,NA,NA,NA,NA,NA,NA,NA,Jerrod Rosen = owner,NA,NA,NA,NA,-104.9792619,39.7629048,"3090 larimer st, denver, co 80205, usa",2
Lohi Eats,"2550 15th St, Denver CO 80211",Eddy,Y,in-person,18-Oct,1,NA,B,3,cafe,NA,Mariana,manager,NA,Lila & Jake,owners,NA,NA,no surplus,NA,NA,NA,NA,-105.0115946,39.7580511,"2550 15th st, denver, co 80211, usa",2
Heidi's Brooklyn Deli,"1225 17th St Denver, CO 80202",Eddy,Y,NA,NA,NA,NA,NA,NA,NA,NA,NA,NA,NA,Suzie,owner,NA,4,NA,NA,NA,NA,NA,-104.9952031,39.7502764,"17th street plaza, 1225 17th st, denver, co 80202, usa",2
The radiator,"2139 W 44th Ave Denver, CO 80211",Eddy,Y,email,24-Oct,2,NA,A,2,Cafe,NA,Drew?,NA,NA,Steph?,NA,gm@theradiatordenver.com,NA,NA,NA,NA,NA,NA,-105.0132615,39.7767417,"2139 w 44th ave, denver, co 80211, usa",4
Maria Empanada,"1700 Platte St Denver, CO 80202",Eddy,Y,email,23-Oct,2,NA,B,2,fast casual RM,NA,Nicole,GM,NA,Lorena,owner,info@mariaempanadas.com,3,Victor is manager as well,NA,NA,NA,NA,-105.0067129,39.7582877,"1700 platte st, denver, co 80202, usa",2
Dio Mio,"3264 Larimer St Denver, CO 80205",Eddy,Y,NA,NA,NA,NA,C,3,NA,NA,Peter,executive chef,NA,NA,NA,NA,NA,no waste / scratch kitchen / redeemer pizza is sister location,NA,NA,NA,NA,-104.9768086,39.7647832,"3264 larimer st, denver, co 80205, usa",2
Empanada Express,"4301 W 44th Ave Denver, CO 80212",NA,N,NA,NA,NA,NA,NA,NA,NA,NA,NA,NA,NA,NA,NA,NA,NA,NA,NA,NA,NA,NA,-105.0430703,39.7768079,"4301 w 44th ave, denver, co 80212, usa",4
Curtis park creamery,"908 30th St Denver, CO 80205",Eddy,N,NA,NA,NA,NA,NA,NA,NA,NA,NA,NA,NA,NA,NA,NA,NA,NA,NA,NA,NA,NA,-104.9774704,39.7597163,"908 30th st, denver, co 80205, usa",2
Fat Sullys,"3237 E Colfax Ave Denver, CO 80206",NA,N,NA,NA,0,NA,NA,NA,Pizzeria RM,NA,NA,NA,NA,NA,NA,NA,2,pizza by the slice - revisit,NA,NA,NA,NA,-104.9490503,39.7403976,"3237 e colfax ave, denver, co 80206, usa",3
Gold Point,"3126 Larimer St Denver, CO 80205",NA,N,NA,NA,NA,NA,NA,NA,NA,NA,NA,NA,NA,NA,NA,NA,NA,NA,NA,NA,NA,NA,-104.9785772,39.7634582,"3126 larimer st, denver, co 80205, usa",2
La Cochinita,"4935 W 29th Ave Denver, CO 80212",Eddy,N,NA,NA,0,NA,B,NA,fast casual RM ?,303-458-0932,NA,NA,NA,NA,NA,NA,NA,NA,NA,NA,NA,NA,-105.0503356,39.7588071,"4935 w 29th ave, denver, co 80212, usa",4
Savageau Coffee,"2260 E Colfax Ave Ste 102 Denver, CO 80206",Eddy,N,NA,NA,NA,NA,NA,NA,NA,NA,NA,NA,NA,NA,NA,NA,NA,NA,NA,NA,NA,NA,-104.9601084,39.7398412,"2260 e colfax ave #102, denver, co 80206, usa",3
City Donuts,"4918 E Colfax Ave Denver, CO 80220",Eddy,NA,NA,NA,NA,NA,NA,NA,NA,NA,NA,NA,NA,NA,NA,NA,2,NA,NA,NA,NA,NA,-104.9299192,39.7399321,"4918 e colfax ave, denver, co 80220, usa",3
Coffee High Company,"2240 Blake St, Denver, CO 80205, United States",NA,N,NA,NA,NA,NA,NA,NA,NA,NA,NA,NA,NA,NA,NA,NA,NA,NA,NA,NA,NA,NA,-104.9908667,39.7565559,"2240 blake st, denver, co 80205, usa",2
Milk and Honey,"2401 Blake St Denver, CO 80205, United States",Jack,Y,In person,NA,1,NA,B,3,Cafe,NA,James,NA,NA,NA,NA,admin@milknhoneycoffeeco.com,NA,Just transitioned to baking in house/decreasing food surplus,NA,NA,NA,NA,-104.9894974,39.7584684,"2401 blake st, denver, co 80205, usa",2
Dochi Denver,"2449 Larimer St, Denver, CO 80205, United States",Jack,Y,In person,22-Oct,1,NA,A,NA,Bakery,NA,Andrew,Brother of owner. Inventory manager,NA,Johnny,NA,co@dochicompany.com,NA,"They have surplus donuts/currently donates them to cops, shelter",NA,NA,NA,NA,-104.9870554,39.757471,"2449 larimer st, denver, co 80205, usa",2
Intermission cafe,"1800 Larimer St Suite 101, Denver, CO 80202",Jay,Y,in person,23-Oct,1,NA,A,NA,Cafe + MTO,(303) 862-5098,Ana,Cashier / employee,NA,Jim Roo,Partner/Owner,jim@roomanagement.com,1,They have surplus bakery goods + massive surplus after catering we need to explore,NA,NA,NA,NA,-104.9942901,39.75118399999999,"1800 larimer st suite 101, denver, co 80202, usa",2
Mercantile Dining & Provision,"1701 Wynkoop St #155, Denver, CO 80202",Jay,Y,in person,23-Oct,1,NA,A,NA,Cafe + MTO,(720) 460-3733,Beth,Cashier / employee,NA,Dan,Ops Manager,NA,1,Need to come by around 3 during shift change to get an audience with Dan,NA,NA,NA,NA,-104.999707,39.7536124,"1701 wynkoop st #155, denver, co 80202, usa",2
Pigtrain Coffee Co,"1701 Wynkoop St, Denver, CO 80202",Jay,Y,in person,23-Oct,1,NA,A,3,Cafe + MTO,(720) 460-3708,Kim,Cashier / employee,NA,NA,NA,NA,NA,No Surplus,NA,NA,NA,NA,-104.9999636,39.7530868,"1701 wynkoop st, denver, co 80202, usa",2
Waffles & Dinges,"1701 Wynkoop St, Denver, CO 80202",Jay,Y,in person,23-Oct,1,NA,A,NA,Bakery,(720) 460-3710,Stone,Cashier / employee,NA,Thomas Deegest,Owner,NA,NA,Has some surplus -- multiple locations in NYC,NA,NA,NA,NA,-104.9999636,39.7530868,"1701 wynkoop st, denver, co 80202, usa",2
Azucar Bakery,"1886 S Broadway, Denver, CO 80210-3104",NA,N,NA,NA,0,NA,NA,NA,NA,(720) 283-3294,NA,NA,NA,NA,NA,NA,NA,NA,NA,NA,NA,NA,-104.9871923,39.6824115,"1886 s broadway, denver, co 80210, usa",5
The Rolling Pin Bakeshop,"2716 Welton St, Denver, CO 80205",NA,N,NA,NA,0,NA,NA,NA,NA,720 708 3026,NA,NA,NA,NA,NA,NA,NA,NA,NA,NA,NA,NA,-104.9774704,39.7549133,"2716 welton st, denver, co 80205, usa",2
Sugar Bakeshop,"277 Broadway, Denver, CO 80203",NA,N,NA,NA,0,NA,NA,NA,NA,(720) 458-5432,NA,NA,NA,NA,NA,NA,NA,NA,NA,NA,NA,NA,-104.9878584,39.7206609,"277 broadway, denver, co 80203, usa",3
Katherine's French Bakery & Cafe,"728 S University Blvd, Denver, CO 80209",NA,N,NA,NA,0,NA,NA,NA,NA,(303) 282-5888,NA,NA,NA,NA,NA,NA,NA,NA,NA,NA,NA,NA,-104.959051,39.7030235,"728 s university blvd, denver, co 80209, usa",5
Trompeau Bakery,"2950 S Broadway, Englewood, CO 80113",NA,N,NA,NA,0,NA,NA,NA,NA,(303) 777-7222,NA,NA,NA,NA,NA,NA,NA,NA,NA,NA,NA,NA,-104.9870326,39.663372,"2950 s broadway, englewood, co 80113, usa",5
City Cafe,"726 Lincoln St, Denver, CO 80203",NA,N,NA,NA,0,NA,NA,NA,NA,(303) 861-0809,NA,NA,NA,NA,NA,NA,NA,NA,NA,NA,NA,NA,-104.985823,39.7278245,"726 lincoln st, denver, co 80203, usa",3
Raleigh Street Bakery Bread,"5245 Raleigh St, Denver, CO 80212",NA,N,NA,NA,0,NA,NA,NA,NA,(303) 709-1020,NA,NA,NA,NA,NA,NA,NA,NA,NA,NA,NA,NA,-105.0418832,39.79211970000001,"5245 raleigh st, denver, co 80212, usa",4
French for Sugar,"1201 E Colfax Ave, Denver, CO 80218, United States",NA,N,NA,NA,0,NA,NA,NA,NA,303 522 6886,NA,NA,NA,NA,NA,NA,NA,NA,NA,NA,NA,NA,-104.9718795,39.7402329,"1201 e colfax ave, denver, co 80218, usa",3
D Bar Denver,"494 E 19th Ave, Denver, CO 80203",NA,N,NA,NA,0,NA,NA,NA,NA,303 861-4710,NA,NA,NA,NA,NA,NA,NA,NA,NA,NA,NA,NA,-104.9813918,39.7459189,"494 e 19th ave, denver, co 80203, usa",2
The Bindery,"1817 Central St, Denver, CO 80211",NA,N,NA,NA,0,NA,NA,NA,NA,(303) 993-2364,NA,NA,NA,NA,NA,NA,NA,NA,NA,NA,NA,NA,-105.0065086,39.7607023,"1817 central st, denver, co 80211, usa",2
Maxs Market,"2080 Lawrence St, Denver, CO 80205",Jack,Y,in-person,19-Oct,1,NA,NA,2,Bakery,NA,NA,NA,no email,NA,NA,no email,1,manager in 7-9 am/likes local companies,NA,NA,NA,NA,-104.9906978,39.7528746,"2080 lawrence st, denver, co 80205, usa",2
Cosmos,"550 N Grant St, Denver, CO 80203-4420",NA,N,NA,NA,NA,NA,NA,NA,Pizza RM,NA,NA,NA,NA,NA,NA,NA,NA,NA,NA,NA,NA,NA,-104.9830888,39.7249675,"550 n grant st, denver, co 80203, usa",3
The Flour Shop,"2400 Curtis St. Denver, CO 80205",Jack,Y,In person,25-Oct,1,NA,A,2,Bakery,NA,Catery owner,NA,NA,Jenny,Bakery owner,NA,1,Jenny owns the bakery/left a note for her,NA,NA,NA,NA,-104.9846748,39.7546206,"2400 curtis street, denver, co 80205, usa",2
Nest Coffee,"2949 Federal Blvd Denver, CO 80211",Jack,Y,email,25-Oct,2,NA,B,2,Cafe,NA,Molly,Employee,NA,Ashley & Kelly,Owners,ashley@nurture.me / kelly@nurture.me,1,expanding menu soon and might be interested,NA,NA,NA,NA,-105.025926,39.7594927,"2949 federal blvd, denver, co 80211, usa",4
Mead St. Provisions,3625 West 32nd Avenue,Jack,Y,email,25-Oct,2,NA,B,2,Fast Casual MTO,NA,Paul,owner,paulkburke1@gmail.com,NA,NA,NA,NA,checking w chef to determine food waste/liked the idea,NA,NA,NA,NA,-105.0352627,39.7623338,"3625 w 32nd ave, denver, co 80211, usa",4
Pizza Alley,"3499 W 32nd Ave, Denver, CO 80211-3103",Jack,Y,in person,25-Oct,1,NA,A,2,Pizza RM,NA,Kyle,co-owner,na,NA,NA,NA,NA,Checking w co-owner to determine need,NA,NA,NA,NA,-105.034418,39.7624651,"parking lot, 3499 w 32nd ave, denver, co 80211, usa",4
Happy Bakeshop,"3621 W 32nd Ave, Highlands Square, Denver, CO 80211",Luke,Y,Email,25-Oct,2,NA,A,2,Bakery,NA,Cassidy,Manager,Manager@happybakeshopdenver.com,NA,NA,NA,NA,"Emailed Cassidy, waiting on reply",NA,NA,NA,NA,-105.0351257,39.7623126,"3621 w 32nd ave, denver, co 80211, usa",4
Winchels Donuts,4965 N. Federal St. Denver,Luke,Y,In person,25-Oct,1,NA,A,2,Bakery,NA,Yaseem,Employee,NA,Baseem,Manager,3034775926,NA,Said to call Baseem (manager),NA,NA,NA,NA,-105.0254972,39.7867628,"4965 n federal blvd, denver, co 80221, usa",4
Reds Tops Rendevous,"2917 W 25th Ave, Denver, CO 80211",Luke,Y,In person,25-Oct,1,NA,B,2,Pizzaria,NA,David,Manager,NA,NA,NA,NA,NA,David said CCG (creative culinary group) owns them. Like a Big Red F. Also own Bardo and more. Need to talk to them.,NA,NA,NA,NA,-105.0241569,39.7538314,"2917 w 25th ave, denver, co 80211, usa",4
Rivers and Roads Coffee,"2539 E Bruce Randolph Ave Denver, CO 80205",Eddy,Y,no,23-Oct,3,NA,A,2,cafe,NA,Eric,employee,NA,Michael & Desiree,Owners,info@riversandroadscoffee.com,2,"Michael & Desiree Keen are local owners! 2 locations, homemade baked items, gluten-free, has a food truck as of recent, talked to eric the employee and verified surplus need / Mike's in on thursday from 7am - 1pm / Mike said only have 4 muffins leftover a day, and labor is his biggest cost, not interested rn",NA,NA,NA,NA,-104.9563855,39.7647316,"2539 bruce randolph ave, denver, co 80205, usa",2
Maggie and Molly's Bakery,"2908 E 6th Ave Denver, CO 80206",Eddy,Y,no,23-Oct,3,NA,A,1,Bakery,720-328-4073 (S),Abby,Manager,NA,Mary,Owner,info@maggieandmollys.com,1,mary is overwhelmed in the holiday season and can't do anything new right now - circle back in January,NA,NA,NA,NA,-104.95302,39.7254494,"2908 e 6th ave, denver, co 80206, usa",3
Queen City Roasting,"2962 Welton St Denver, CO 80205",Eddy,Y,no,23-Oct,3,NA,A,2,Cafe,NA,Rebecca,employee,NA,Cassie,Retail Manager,cassie@queencityroasting.com,3,"spoke to rebecca, Cassie replied to second email saying they don't have a use case currently. Bri responded making one more case for the exposure to the community and also posting coffee beans.",NA,NA,NA,NA,-104.9744025,39.7573538,"2962 welton st, denver, co 80205, usa",2
Lil Coffe and Tea,"300 E 6th Ave 5 Denver, CO 80203",Luke,Y,no,18-Oct,2,NA,A,NA,Cafe,NA,Jake,NA,NA,Vivian Lin,General Manager,Vivian@lilcoffeashop.com,NA,"Talked to Jake (employee) said to DM them on insta. They waste sandwiches and pastries
GM Vivian responded and said they don't have a use case.",NA,NA,NA,NA,-104.9832931,39.7253182,"300 e 6th ave #5, denver, co 80203, usa",3
Scratch Bakery & Kitchen,"2748 Welton St Denver, CO 80205",Eddy,Y,no,19-Oct,3,NA,A,1,Bakery,(303) 927-6681,NA,NA,NA,Michelle,Owner,80205mrs@gmail.com,1,locally owned & operated (Dan & Michelle Sawyer = owners) - could use some marketing support + has surplus / said she saw my email and would reach out,NA,NA,NA,Revisit Thursday,-104.9769227,39.7553791,"2748 welton st, denver, co 80205, usa",2
Kochi Cafe,"4100 E 8th Ave Denver, CO 80220",Eddy,Y,no,23-Oct,3,NA,A,1,Cafe,NA,Alexandria (Lexi),owner's daughter,Alexandriaheese@kochicafe.com / kathrynkeehne@kochicafe.com,Kathryn Keehne,GM,kathrynkeehne@kochicafe.com,1,lexi was interested and has surplus but concerned about college students being our target audience - ultimately will default to Kathryn's decision / spoke to Melissa the employee as well,NA,NA,NA,NA,-104.9392572,39.7291466,"4100 e 8th ave, denver, co 80220, usa",3
Instabul Cafe and Bakery,"850 South Monaco Pkwy, Unit 9",NA,NA,NA,NA,NA,NA,NA,DU,NA,NA,NA,NA,NA,NA,NA,NA,NA,NA,NA,NA,NA,NA,-104.9116233,39.7015806,"850 s monaco st pkwy #9, denver, co 80224, usa",5
Bruegger's Bagels,"2000 S University Boulevard, Denver, Colorado 80210",NA,NA,NA,NA,NA,NA,NA,DU,NA,NA,NA,NA,NA,NA,NA,NA,NA,NA,NA,NA,NA,NA,-104.9588955,39.68002060000001,"2000 s university blvd, denver, co 80210, usa",5
Beans Coffee,"2044 E Evans Ave, Denver, CO 80210",NA,NA,NA,NA,NA,NA,NA,DU,NA,NA,NA,NA,NA,NA,NA,NA,NA,NA,NA,NA,NA,NA,-104.9632081,39.6773947,"pritz knoebel school of hospitality management, 2044 e evans ave, denver, co 80210, usa",5
La Belle Rosette,"2423 S University Blvd, Denver, CO 80210",NA,NA,NA,NA,NA,NA,NA,DU,NA,NA,NA,NA,NA,NA,NA,NA,NA,NA,NA,NA,NA,NA,-104.9596257,39.672592,"2423 s university blvd, denver, co 80210, usa",5
Trompeau Bakery,"2950 South Broadway, Englewood, CO 80113",NA,NA,NA,NA,NA,NA,NA,DU,NA,NA,NA,NA,NA,NA,NA,NA,NA,NA,NA,NA,NA,NA,-104.9870326,39.663372,"2950 s broadway, englewood, co 80113, usa",5
Melted Marvels Bakery,"1438 S Broadway, Denver, CO 80210",NA,NA,NA,NA,NA,NA,NA,DU,NA,NA,NA,NA,NA,NA,NA,NA,NA,NA,NA,NA,NA,NA,-104.9871239,39.6904805,"1438 s broadway, denver, co 80210, usa",5
Jerusalem Restaurant,1890 E Evans Ave Denver CO 80210,NA,NA,NA,NA,NA,NA,NA,DU,NA,NA,NA,NA,NA,NA,NA,NA,NA,NA,NA,NA,NA,NA,-104.9654328,39.6782546,"1890 e evans ave, denver, co 80210, usa",5
Jelly Cafe,"1700 East Evans Ave, denver CO 80210",NA,NA,NA,NA,NA,NA,NA,DU,NA,NA,NA,NA,NA,NA,NA,NA,NA,NA,NA,NA,NA,NA,-104.9672929,39.6783342,"1700 e evans ave, denver, co 80210, usa",5
Mustard's Last Stand,2081 S University Ave,NA,NA,NA,NA,NA,NA,NA,DU,NA,NA,NA,NA,NA,NA,NA,NA,NA,NA,NA,NA,NA,NA,-92.34158839999999,34.7333745,"2081 s university ave, little rock, ar 72204, usa",1
Spanky's Roadhouse,"1800 E Evans Ave, Denver CO 80210",NA,NA,NA,NA,NA,NA,NA,DU,NA,NA,NA,NA,NA,NA,NA,NA,NA,NA,NA,NA,NA,NA,-104.9660081,39.6782507,"1800 e evans ave, denver, co 80210, usa",5
Two Hands Corn Dogs,"2076 S University Blvd, Denver, CO 80210",NA,NA,NA,NA,NA,NA,NA,DU,NA,NA,NA,NA,NA,NA,NA,NA,NA,NA,NA,NA,NA,NA,-104.958971,39.678708,"2076 s university blvd, denver, co 80210, usa",5
Oxzzi Tea House,"2058 S University Blvd, Denver, CO 80210",NA,NA,NA,NA,NA,NA,NA,DU,NA,NA,NA,NA,NA,NA,NA,NA,NA,NA,NA,NA,NA,NA,-104.959078,39.6790111,"2058 s university blvd, denver, co 80210, usa",5
Kikis Fresh Bowls,"2075 S University Blvd, Denver, CO 80210",NA,NA,NA,NA,NA,NA,NA,DU,NA,NA,NA,NA,NA,NA,NA,NA,NA,NA,NA,NA,NA,NA,-104.9599025,39.67913739999999,"2075 s university blvd, denver, co 80210, usa",5
Anthonys Pizza,"1628 E Evans Ave, Denver, CO 80210",NA,NA,NA,NA,NA,NA,NA,DU,NA,NA,NA,NA,NA,NA,NA,NA,NA,NA,NA,NA,NA,NA,-104.9680218,39.67827279999999,"1628 e evans ave, denver, co 80210, usa",5
Joyce's Famous Pizza,"2120 S Broadway, Denver, CO 80210",NA,NA,NA,NA,NA,NA,NA,DU,NA,NA,NA,NA,NA,NA,NA,NA,NA,NA,NA,NA,NA,NA,-104.9871239,39.6777101,"2120 s broadway, denver, co 80210, usa",5
